login,id,public_repos,repos_url,followers,location,created_at
ebony,156238,0,https://api.github.com/users/ebony/repos,1,,2009-11-21T05:02:45Z
dannyxyz22,56499,12,https://api.github.com/users/dannyxyz22/repos,10,,2009-02-21T03:52:05Z
rhomann,134041,2,https://api.github.com/users/rhomann/repos,5,Germany,2009-10-02T06:04:32Z
Opensalons,90855,0,https://api.github.com/users/Opensalons/repos,2,,2009-06-02T00:21:56Z
torgeir,118202,133,https://api.github.com/users/torgeir/repos,68,Trondheim,2009-08-22T08:24:41Z
aethra,159281,0,https://api.github.com/users/aethra/repos,1,,2009-11-28T20:08:06Z
karlenta,31037,0,https://api.github.com/users/karlenta/repos,2,,2008-10-25T20:49:27Z
ofeldt,144353,15,https://api.github.com/users/ofeldt/repos,9,Hamburg,2009-10-25T09:26:20Z
jotabeltran,93223,3,https://api.github.com/users/jotabeltran/repos,1,"Bogotá, Colombia",2009-06-08T15:31:11Z
keysongs71,42908,0,https://api.github.com/users/keysongs71/repos,2,,2008-12-27T19:06:05Z
sdebaun,23839,31,https://api.github.com/users/sdebaun/repos,4,,2008-09-09T17:57:45Z
alexat,29947,3,https://api.github.com/users/alexat/repos,2,,2008-10-20T13:30:22Z
amaan,85819,0,https://api.github.com/users/amaan/repos,2,,2009-05-18T11:43:01Z
tatsuya6502,159403,64,https://api.github.com/users/tatsuya6502/repos,67,"Shanghai, China / Tokyo, Japan",2009-11-29T07:51:49Z
DannyGN,110514,0,https://api.github.com/users/DannyGN/repos,1,,2009-07-31T04:39:44Z
maddii,117437,0,https://api.github.com/users/maddii/repos,1,,2009-08-20T09:53:43Z
aperta-zz,35607,0,https://api.github.com/users/aperta-zz/repos,3,Indonesia,2008-11-20T08:29:54Z
mccomaschris,26128,6,https://api.github.com/users/mccomaschris/repos,2,"Huntington, WV",2008-09-24T18:04:12Z
evanren,132280,0,https://api.github.com/users/evanren/repos,2,Los Angeles,2009-09-28T16:23:05Z
humanrender,161557,35,https://api.github.com/users/humanrender/repos,16,Madrid,2009-12-03T19:52:05Z
sixstone,54278,1,https://api.github.com/users/sixstone/repos,6,,2009-02-13T15:15:54Z
joule-xx,160192,0,https://api.github.com/users/joule-xx/repos,1,,2009-12-01T03:26:26Z
tekberg,110270,0,https://api.github.com/users/tekberg/repos,1,,2009-07-30T13:15:50Z
maxlamenace,104490,0,https://api.github.com/users/maxlamenace/repos,1,,2009-07-13T17:30:43Z
dutekvejin,119709,4,https://api.github.com/users/dutekvejin/repos,4,,2009-08-26T12:39:48Z
danielrichardson,38007,0,https://api.github.com/users/danielrichardson/repos,5,,2008-12-03T11:02:55Z
wugalde,101808,4,https://api.github.com/users/wugalde/repos,1,,2009-07-05T09:42:47Z
bobblanchett,97148,5,https://api.github.com/users/bobblanchett/repos,9,,2009-06-19T20:11:32Z
justinbkay,4094,26,https://api.github.com/users/justinbkay/repos,4,"Boise, ID",2008-03-29T00:36:29Z
dermidgen,53420,88,https://api.github.com/users/dermidgen/repos,17,"Orange County, Ca",2009-02-10T18:53:52Z
kbierbaum,4879,4,https://api.github.com/users/kbierbaum/repos,7,,2008-04-04T02:12:43Z
areski,53455,242,https://api.github.com/users/areski/repos,169,Barcelona,2009-02-10T20:37:07Z
nobbycat,18317,0,https://api.github.com/users/nobbycat/repos,2,,2008-07-24T22:26:47Z
whb,12425,23,https://api.github.com/users/whb/repos,2,,2008-06-03T13:13:18Z
SimonWallner,113854,28,https://api.github.com/users/SimonWallner/repos,12,"Vienna, Austria",2009-08-10T18:13:53Z
dmatranga,75672,11,https://api.github.com/users/dmatranga/repos,4,"Houston, TX",2009-04-20T09:53:58Z
Ankelo,72835,1,https://api.github.com/users/Ankelo/repos,3,,2009-04-11T21:29:35Z
Ardeanor,163664,0,https://api.github.com/users/Ardeanor/repos,1,France,2009-12-07T11:04:55Z
sangchul,28073,1,https://api.github.com/users/sangchul/repos,2,"Seoul, Korea",2008-10-08T07:14:59Z
steliosxx,100731,1,https://api.github.com/users/steliosxx/repos,2,,2009-07-01T15:48:13Z
Pluap,161383,1,https://api.github.com/users/Pluap/repos,1,,2009-12-03T13:34:40Z
drejom,91294,15,https://api.github.com/users/drejom/repos,3,"California, USA",2009-06-03T04:58:40Z
bublik,38275,29,https://api.github.com/users/bublik/repos,17,Odessa Ukraine,2008-12-04T13:35:32Z
mikepelley,48527,8,https://api.github.com/users/mikepelley/repos,2,"Ottawa, Ontario, Canada",2009-01-22T15:26:16Z
rosy,160085,1,https://api.github.com/users/rosy/repos,0,Illinois,2009-11-30T21:48:49Z
alexeyb,164949,0,https://api.github.com/users/alexeyb/repos,1,,2009-12-09T10:45:01Z
HansS,43744,1508,https://api.github.com/users/HansS/repos,4,,2009-01-02T10:36:54Z
clintmiller1,107434,0,https://api.github.com/users/clintmiller1/repos,1,"Austin, Texas",2009-07-21T21:36:39Z
bbranch,54185,0,https://api.github.com/users/bbranch/repos,2,,2009-02-13T06:46:24Z
namxam,5399,60,https://api.github.com/users/namxam/repos,16,"Cologne, Germany",2008-04-06T11:36:11Z
titina,139082,0,https://api.github.com/users/titina/repos,1,,2009-10-13T08:41:04Z
nonfiction,18419,27,https://api.github.com/users/nonfiction/repos,0,"Calgary, Alberta, Canada",2008-07-25T19:14:48Z
bjchambers,35960,12,https://api.github.com/users/bjchambers/repos,48,,2008-11-22T04:58:50Z
,,,,,,
superjer,99792,23,https://api.github.com/users/superjer/repos,18,Seattle City,2009-06-28T23:42:46Z
gaz,59664,5,https://api.github.com/users/gaz/repos,8,,2009-03-03T11:19:39Z
offensivepolitics,60095,21,https://api.github.com/users/offensivepolitics/repos,23,"Washington, DC",2009-03-04T14:46:46Z
audreylee88,131792,3,https://api.github.com/users/audreylee88/repos,2,,2009-09-27T06:18:44Z
zeljko,23354,1,https://api.github.com/users/zeljko/repos,2,US,2008-09-05T19:41:33Z
shali,39788,1,https://api.github.com/users/shali/repos,2,,2008-12-11T09:58:10Z
creditcardsom365,130744,0,https://api.github.com/users/creditcardsom365/repos,1,,2009-09-24T09:13:51Z
dbkim,82389,0,https://api.github.com/users/dbkim/repos,1,,2009-05-08T11:51:12Z
hualove88,93554,1,https://api.github.com/users/hualove88/repos,1,,2009-06-09T13:25:55Z
chedabob,168025,22,https://api.github.com/users/chedabob/repos,10,,2009-12-15T18:43:58Z
henrikh,87876,17,https://api.github.com/users/henrikh/repos,22,Denmark,2009-05-23T18:09:41Z
mattlansom,57123,1,https://api.github.com/users/mattlansom/repos,2,UK,2009-02-23T14:42:10Z
Jaehoon,146104,0,https://api.github.com/users/Jaehoon/repos,1,,2009-10-29T03:09:48Z
chappy,166712,0,https://api.github.com/users/chappy/repos,1,,2009-12-12T19:24:09Z
steinbeck,107318,6,https://api.github.com/users/steinbeck/repos,22,Jena,2009-07-21T15:00:22Z
thoughtlead,107403,5,https://api.github.com/users/thoughtlead/repos,1,,2009-07-21T19:40:19Z
biagidp,28202,9,https://api.github.com/users/biagidp/repos,10,"Nashville, TN",2008-10-09T02:55:34Z
fafkulec,103203,1,https://api.github.com/users/fafkulec/repos,1,,2009-07-09T09:32:30Z
bozospaw,55383,0,https://api.github.com/users/bozospaw/repos,3,,2009-02-17T22:52:09Z
richardaday,52923,7,https://api.github.com/users/richardaday/repos,9,,2009-02-09T05:37:16Z
artisticdork,109658,1,https://api.github.com/users/artisticdork/repos,1,"Pittsburgh, PA",2009-07-29T00:29:18Z
blueglimmer,26894,0,https://api.github.com/users/blueglimmer/repos,1,,2008-09-30T11:32:35Z
jahlopez81,67542,0,https://api.github.com/users/jahlopez81/repos,5,,2009-03-26T19:13:50Z
mxcm428,168249,0,https://api.github.com/users/mxcm428/repos,1,,2009-12-16T05:31:51Z
keithelder,33124,25,https://api.github.com/users/keithelder/repos,26,"Hattiesburg, MS",2008-11-07T06:38:56Z
charliek,24948,54,https://api.github.com/users/charliek/repos,36,"Minneapolis, MN, US",2008-09-17T04:57:28Z
pulver,39707,1,https://api.github.com/users/pulver/repos,3,,2008-12-11T02:49:42Z
dstreev,55578,39,https://api.github.com/users/dstreev/repos,39,"Atlanta, GA",2009-02-18T15:07:58Z
eatingpx,169862,0,https://api.github.com/users/eatingpx/repos,1,,2009-12-19T17:20:20Z
jtimberman,12483,377,https://api.github.com/users/jtimberman/repos,393,Colorado,2008-06-03T21:11:35Z
esiroker,81954,0,https://api.github.com/users/esiroker/repos,4,,2009-05-07T08:38:53Z
lucachaco,85146,34,https://api.github.com/users/lucachaco/repos,6,,2009-05-16T02:14:54Z
tloring,150583,4,https://api.github.com/users/tloring/repos,1,"Wilmington, Delaware",2009-11-08T23:17:53Z
gsantos,115482,0,https://api.github.com/users/gsantos/repos,2,,2009-08-14T22:45:33Z
MagnuM666,108311,0,https://api.github.com/users/MagnuM666/repos,1,,2009-07-24T12:53:04Z
tmschndr,19489,10,https://api.github.com/users/tmschndr/repos,54,"Cologne, Germany",2008-08-04T12:29:35Z
chicks,62125,27,https://api.github.com/users/chicks/repos,38,"Santa Cruz, CA",2009-03-10T21:07:18Z
mo4w3a399b556a4,166117,0,https://api.github.com/users/mo4w3a399b556a4/repos,1,,2009-12-11T13:05:43Z
ainth,94474,18,https://api.github.com/users/ainth/repos,3,"Toronto, ON",2009-06-11T20:24:39Z
abuzitos,44890,5,https://api.github.com/users/abuzitos/repos,6,SÃ£o Paulo / Brasil,2009-01-07T18:21:20Z
polad,35266,12,https://api.github.com/users/polad/repos,9,Calgary AB,2008-11-18T19:32:05Z
elastic-grid,92544,1,https://api.github.com/users/elastic-grid/repos,1,,2009-06-06T10:42:38Z
jey,15294,31,https://api.github.com/users/jey/repos,41,"Berkeley, California",2008-06-27T17:11:20Z
cafegurl,136597,0,https://api.github.com/users/cafegurl/repos,2,,2009-10-08T00:28:41Z
lmacken,9980,93,https://api.github.com/users/lmacken/repos,253,"Denver, CO",2008-05-12T01:20:09Z
ccurro,44445,16,https://api.github.com/users/ccurro/repos,19,"New York, NY",2009-01-06T01:44:43Z
oldrockerboy,39798,1,https://api.github.com/users/oldrockerboy/repos,2,,2008-12-11T11:12:34Z
Jramirez02,147271,0,https://api.github.com/users/Jramirez02/repos,1,,2009-11-01T01:36:58Z
machupicchu,137247,1,https://api.github.com/users/machupicchu/repos,4,,2009-10-09T07:02:32Z
karanbhangui,49307,0,https://api.github.com/users/karanbhangui/repos,14,,2009-01-26T10:53:41Z
hotadd,74784,0,https://api.github.com/users/hotadd/repos,3,,2009-04-17T09:28:53Z
danmartell,101288,1,https://api.github.com/users/danmartell/repos,5,,2009-07-03T06:09:28Z
arrai-innovations,48612,8,https://api.github.com/users/arrai-innovations/repos,0,"Edmonton, Alberta, Canada",2009-01-22T21:16:46Z
mikaelf,41864,5,https://api.github.com/users/mikaelf/repos,7,Sweden,2008-12-20T23:02:29Z
acts-human,74545,1,https://api.github.com/users/acts-human/repos,13,,2009-04-16T20:14:26Z
nitidobot,152662,0,https://api.github.com/users/nitidobot/repos,1,,2009-11-13T03:42:08Z
globaltools,145527,0,https://api.github.com/users/globaltools/repos,0,,2009-10-27T22:42:53Z
ferbs,45411,5,https://api.github.com/users/ferbs/repos,6,San Francisco,2009-01-09T20:09:14Z
The-Munk,130548,1,https://api.github.com/users/The-Munk/repos,1,,2009-09-23T21:12:17Z
DmitryErmakov,111085,0,https://api.github.com/users/DmitryErmakov/repos,1,Russia,2009-08-02T10:52:49Z
agriffis,50637,78,https://api.github.com/users/agriffis/repos,27,"Providence, RI",2009-01-31T02:22:54Z
lambo,47532,13,https://api.github.com/users/lambo/repos,20,Hannover,2009-01-18T22:04:24Z
finknottle,148458,3,https://api.github.com/users/finknottle/repos,1,"San Francisco, CA",2009-11-03T19:56:56Z
ppichet,144043,1,https://api.github.com/users/ppichet/repos,3,"Montréal, Canada",2009-10-24T12:26:00Z
tor,52031,2,https://api.github.com/users/tor/repos,13,Australia,2009-02-05T11:12:36Z
xxxxxxxxxxxxxxxxxx,113959,0,https://api.github.com/users/xxxxxxxxxxxxxxxxxx/repos,2,,2009-08-10T22:06:17Z
talentless,20351,11,https://api.github.com/users/talentless/repos,9,tacos'r'us,2008-08-12T03:04:22Z
betarelease,41690,67,https://api.github.com/users/betarelease/repos,35,,2008-12-19T23:18:57Z
setanta,5896,27,https://api.github.com/users/setanta/repos,15,"Recife - PE, Brasil",2008-04-08T19:15:07Z
tbone,150045,2,https://api.github.com/users/tbone/repos,17,,2009-11-07T07:31:18Z
alexruiz,151039,13,https://api.github.com/users/alexruiz/repos,83,,2009-11-10T00:39:00Z
tasdev,82328,0,https://api.github.com/users/tasdev/repos,1,,2009-05-08T07:14:25Z
patfrat,116576,8,https://api.github.com/users/patfrat/repos,3,Epinal,2009-08-18T13:35:20Z
cfournie,49264,16,https://api.github.com/users/cfournie/repos,27,"Ottawa, ON, Canada",2009-01-26T04:40:47Z
pcyl,166129,1,https://api.github.com/users/pcyl/repos,1,,2009-12-11T13:23:02Z
stringbuffer,75016,0,https://api.github.com/users/stringbuffer/repos,2,,2009-04-18T00:40:56Z
k0sh,138251,7,https://api.github.com/users/k0sh/repos,5,"Russia, Vladimir",2009-10-11T14:06:29Z
fraiha,12964,0,https://api.github.com/users/fraiha/repos,2,,2008-06-08T00:13:46Z
guil3z,85370,0,https://api.github.com/users/guil3z/repos,2,,2009-05-17T00:16:22Z
aqn,155742,5,https://api.github.com/users/aqn/repos,1,Tokyo,2009-11-20T02:00:18Z
seiji902,46233,0,https://api.github.com/users/seiji902/repos,3,,2009-01-13T11:57:07Z
ivdmeer,115244,9,https://api.github.com/users/ivdmeer/repos,6,The Netherlands,2009-08-14T08:59:25Z
koush,73924,228,https://api.github.com/users/koush/repos,7114,"Seattle, WA",2009-04-15T04:08:21Z
broomie,35412,5,https://api.github.com/users/broomie/repos,3,london,2008-11-19T11:34:38Z
cinterdonato,92301,0,https://api.github.com/users/cinterdonato/repos,1,,2009-06-05T16:14:23Z
patali,147422,9,https://api.github.com/users/patali/repos,3,"Bengaluru, India",2009-11-01T16:43:16Z
wka,46676,7,https://api.github.com/users/wka/repos,6,"New York, NY",2009-01-15T01:48:40Z
udi,40827,8,https://api.github.com/users/udi/repos,4,,2008-12-16T19:37:05Z
josedonizetti,34032,60,https://api.github.com/users/josedonizetti/repos,69,Brazil,2008-11-12T11:14:00Z
morty,3272,58,https://api.github.com/users/morty/repos,26,United Kingdom,2008-03-17T17:09:04Z
hyoshiok,25151,27,https://api.github.com/users/hyoshiok/repos,49,"Tokyo, Japan",2008-09-18T10:15:39Z
cj,1819,224,https://api.github.com/users/cj/repos,38,,2008-02-29T20:59:02Z
ofc587a87,163293,8,https://api.github.com/users/ofc587a87/repos,1,Spain,2009-12-06T12:25:09Z
davidos,163050,0,https://api.github.com/users/davidos/repos,1,,2009-12-05T19:22:39Z
avanek,133533,0,https://api.github.com/users/avanek/repos,1,,2009-10-01T02:08:42Z
bpieber,79920,12,https://api.github.com/users/bpieber/repos,14,Vienna,2009-05-01T12:39:22Z
robmackley,142072,0,https://api.github.com/users/robmackley/repos,1,,2009-10-20T10:53:48Z
lindsay-archived,67955,0,https://api.github.com/users/lindsay-archived/repos,2,,2009-03-27T19:22:11Z
esfoobar,167982,39,https://api.github.com/users/esfoobar/repos,16,"New York, NY",2009-12-15T16:57:13Z
crdant,50028,104,https://api.github.com/users/crdant/repos,5,Greater Boston,2009-01-28T20:29:10Z
aixxe,147343,35,https://api.github.com/users/aixxe/repos,144,London,2009-11-01T10:32:14Z
typejack,85044,0,https://api.github.com/users/typejack/repos,3,,2009-05-15T18:28:45Z
neoayi,137907,203,https://api.github.com/users/neoayi/repos,3,Shanghai China,2009-10-10T14:14:28Z
extremoburo,40734,5,https://api.github.com/users/extremoburo/repos,2,Perugia,2008-12-16T10:42:21Z
Stenudd,137548,23,https://api.github.com/users/Stenudd/repos,6,,2009-10-09T17:39:00Z
eigan,41789,33,https://api.github.com/users/eigan/repos,19,Norway,2008-12-20T14:01:09Z
EricR86,17853,20,https://api.github.com/users/EricR86/repos,3,,2008-07-22T13:17:58Z
max-horvath,81949,24,https://api.github.com/users/max-horvath/repos,34,"Berlin, Germany",2009-05-07T08:30:25Z
pedroj02,89373,0,https://api.github.com/users/pedroj02/repos,1,,2009-05-28T00:29:26Z
zwying,58444,0,https://api.github.com/users/zwying/repos,2,,2009-02-27T04:01:41Z
Rocket442,147287,0,https://api.github.com/users/Rocket442/repos,1,,2009-11-01T03:25:24Z
aamir-zz,96635,1,https://api.github.com/users/aamir-zz/repos,2,,2009-06-18T11:16:30Z
nextfivesteps,160964,0,https://api.github.com/users/nextfivesteps/repos,1,,2009-12-02T17:16:53Z
proteamotto,63754,4,https://api.github.com/users/proteamotto/repos,2,,2009-03-15T23:16:11Z
Eunkyoung,151066,0,https://api.github.com/users/Eunkyoung/repos,1,,2009-11-10T02:01:54Z
adeelshahid,34527,53,https://api.github.com/users/adeelshahid/repos,11,Norway,2008-11-14T21:46:08Z
lekhser,111102,0,https://api.github.com/users/lekhser/repos,1,,2009-08-02T13:18:19Z
gvwa08,36999,0,https://api.github.com/users/gvwa08/repos,2,,2008-11-27T17:37:35Z
geoffdimasi,164509,1,https://api.github.com/users/geoffdimasi/repos,9,"Philadelphia, PA",2009-12-08T17:00:19Z
alieninvancouver,99552,0,https://api.github.com/users/alieninvancouver/repos,1,,2009-06-27T21:14:14Z
andreydust,72970,3,https://api.github.com/users/andreydust/repos,9,,2009-04-12T12:00:22Z
djwhitt,1110,50,https://api.github.com/users/djwhitt/repos,37,"Madison, WI",2008-02-27T17:46:55Z
andreww,19102,68,https://api.github.com/users/andreww/repos,43,,2008-07-31T12:41:26Z
jayem,72147,0,https://api.github.com/users/jayem/repos,3,,2009-04-09T14:31:01Z
coreformula,58778,2,https://api.github.com/users/coreformula/repos,3,,2009-02-28T04:02:13Z
binh37,9893,0,https://api.github.com/users/binh37/repos,1,,2008-05-10T19:34:24Z
jessb,41157,0,https://api.github.com/users/jessb/repos,2,"Verona, WI",2008-12-18T03:34:37Z
clr,13038,63,https://api.github.com/users/clr/repos,38,,2008-06-09T02:10:52Z
,,,,,,
chedabob,168025,22,https://api.github.com/users/chedabob/repos,10,,2009-12-15T18:43:58Z
joule-xx,160192,0,https://api.github.com/users/joule-xx/repos,1,,2009-12-01T03:26:26Z
taichimaster,181732,0,https://api.github.com/users/taichimaster/repos,1,,2010-01-13T21:45:35Z
ppichet,144043,1,https://api.github.com/users/ppichet/repos,3,"Montréal, Canada",2009-10-24T12:26:00Z
Pluap,161383,1,https://api.github.com/users/Pluap/repos,1,,2009-12-03T13:34:40Z
hualove88,93554,1,https://api.github.com/users/hualove88/repos,1,,2009-06-09T13:25:55Z
aamir-zz,96635,1,https://api.github.com/users/aamir-zz/repos,2,,2009-06-18T11:16:30Z
eatingpx,169862,0,https://api.github.com/users/eatingpx/repos,1,,2009-12-19T17:20:20Z
titina,139082,0,https://api.github.com/users/titina/repos,1,,2009-10-13T08:41:04Z
xxxxxxxxxxxxxxxxxx,113959,0,https://api.github.com/users/xxxxxxxxxxxxxxxxxx/repos,2,,2009-08-10T22:06:17Z
rhomann,134041,2,https://api.github.com/users/rhomann/repos,5,Germany,2009-10-02T06:04:32Z
tloring,150583,4,https://api.github.com/users/tloring/repos,1,"Wilmington, Delaware",2009-11-08T23:17:53Z
zizitop,196351,0,https://api.github.com/users/zizitop/repos,1,,2010-02-04T05:43:27Z
koush,73924,228,https://api.github.com/users/koush/repos,7114,"Seattle, WA",2009-04-15T04:08:21Z
karlenta,31037,0,https://api.github.com/users/karlenta/repos,2,,2008-10-25T20:49:27Z
finknottle,148458,3,https://api.github.com/users/finknottle/repos,1,"San Francisco, CA",2009-11-03T19:56:56Z
ckborne,174060,0,https://api.github.com/users/ckborne/repos,1,,2009-12-30T07:33:39Z
k0sh,138251,7,https://api.github.com/users/k0sh/repos,5,"Russia, Vladimir",2009-10-11T14:06:29Z
tasdev,82328,0,https://api.github.com/users/tasdev/repos,1,,2009-05-08T07:14:25Z
davidos,163050,0,https://api.github.com/users/davidos/repos,1,,2009-12-05T19:22:39Z
bozospaw,55383,0,https://api.github.com/users/bozospaw/repos,3,,2009-02-17T22:52:09Z
steliosxx,100731,1,https://api.github.com/users/steliosxx/repos,2,,2009-07-01T15:48:13Z
aethra,159281,0,https://api.github.com/users/aethra/repos,1,,2009-11-28T20:08:06Z
danmartell,101288,1,https://api.github.com/users/danmartell/repos,5,,2009-07-03T06:09:28Z
dermidgen,53420,88,https://api.github.com/users/dermidgen/repos,17,"Orange County, Ca",2009-02-10T18:53:52Z
clintmiller1,107434,0,https://api.github.com/users/clintmiller1/repos,1,"Austin, Texas",2009-07-21T21:36:39Z
humanrender,161557,35,https://api.github.com/users/humanrender/repos,16,Madrid,2009-12-03T19:52:05Z
atosimitu,181104,0,https://api.github.com/users/atosimitu/repos,7,,2010-01-13T01:30:03Z
ccurro,44445,16,https://api.github.com/users/ccurro/repos,19,"New York, NY",2009-01-06T01:44:43Z
bublik,38275,29,https://api.github.com/users/bublik/repos,17,Odessa Ukraine,2008-12-04T13:35:32Z
jtimberman,12483,377,https://api.github.com/users/jtimberman/repos,393,Colorado,2008-06-03T21:11:35Z
broomie,35412,5,https://api.github.com/users/broomie/repos,3,london,2008-11-19T11:34:38Z
crdant,50028,104,https://api.github.com/users/crdant/repos,5,Greater Boston,2009-01-28T20:29:10Z
rahmatharman,186944,0,https://api.github.com/users/rahmatharman/repos,1,,2010-01-21T13:58:11Z
talentless,20351,11,https://api.github.com/users/talentless/repos,9,tacos'r'us,2008-08-12T03:04:22Z
sheepdoll,198809,14,https://api.github.com/users/sheepdoll/repos,3,Silicon Valley,2010-02-07T06:06:04Z
Rocket442,147287,0,https://api.github.com/users/Rocket442/repos,1,,2009-11-01T03:25:24Z
nitidobot,152662,0,https://api.github.com/users/nitidobot/repos,1,,2009-11-13T03:42:08Z
tcconsulting,198245,2,https://api.github.com/users/tcconsulting/repos,1,,2010-02-06T06:38:51Z
thoughtlead,107403,5,https://api.github.com/users/thoughtlead/repos,1,,2009-07-21T19:40:19Z
jessb,41157,0,https://api.github.com/users/jessb/repos,2,"Verona, WI",2008-12-18T03:34:37Z
DmitryErmakov,111085,0,https://api.github.com/users/DmitryErmakov/repos,1,Russia,2009-08-02T10:52:49Z
seiji902,46233,0,https://api.github.com/users/seiji902/repos,3,,2009-01-13T11:57:07Z
DannyGN,110514,0,https://api.github.com/users/DannyGN/repos,1,,2009-07-31T04:39:44Z
pulver,39707,1,https://api.github.com/users/pulver/repos,3,,2008-12-11T02:49:42Z
abuzitos,44890,5,https://api.github.com/users/abuzitos/repos,6,SÃ£o Paulo / Brasil,2009-01-07T18:21:20Z
arrai-innovations,48612,8,https://api.github.com/users/arrai-innovations/repos,0,"Edmonton, Alberta, Canada",2009-01-22T21:16:46Z
sangchul,28073,1,https://api.github.com/users/sangchul/repos,2,"Seoul, Korea",2008-10-08T07:14:59Z
dstreev,55578,39,https://api.github.com/users/dstreev/repos,39,"Atlanta, GA",2009-02-18T15:07:58Z
lekhser,111102,0,https://api.github.com/users/lekhser/repos,1,,2009-08-02T13:18:19Z
nobbycat,18317,0,https://api.github.com/users/nobbycat/repos,2,,2008-07-24T22:26:47Z
jahlopez81,67542,0,https://api.github.com/users/jahlopez81/repos,5,,2009-03-26T19:13:50Z
Iandre,173131,0,https://api.github.com/users/Iandre/repos,1,,2009-12-28T17:14:18Z
kroki,187649,14,https://api.github.com/users/kroki/repos,7,,2010-01-22T12:37:28Z
aqn,155742,5,https://api.github.com/users/aqn/repos,1,Tokyo,2009-11-20T02:00:18Z
audreylee88,131792,3,https://api.github.com/users/audreylee88/repos,2,,2009-09-27T06:18:44Z
ferbs,45411,5,https://api.github.com/users/ferbs/repos,6,San Francisco,2009-01-09T20:09:14Z
dmatranga,75672,11,https://api.github.com/users/dmatranga/repos,4,"Houston, TX",2009-04-20T09:53:58Z
Martiusweb,195352,28,https://api.github.com/users/Martiusweb/repos,101,"Paris, France",2010-02-03T09:54:31Z
torgeir,118202,133,https://api.github.com/users/torgeir/repos,68,Trondheim,2009-08-22T08:24:41Z
jey,15294,31,https://api.github.com/users/jey/repos,41,"Berkeley, California",2008-06-27T17:11:20Z
robmackley,142072,0,https://api.github.com/users/robmackley/repos,1,,2009-10-20T10:53:48Z
erd,184194,7,https://api.github.com/users/erd/repos,59,"Oakland, CA",2010-01-17T21:24:20Z
jayem,72147,0,https://api.github.com/users/jayem/repos,3,,2009-04-09T14:31:01Z
josedonizetti,34032,60,https://api.github.com/users/josedonizetti/repos,69,Brazil,2008-11-12T11:14:00Z
pedroj02,89373,0,https://api.github.com/users/pedroj02/repos,1,,2009-05-28T00:29:26Z
gsantos,115482,0,https://api.github.com/users/gsantos/repos,2,,2009-08-14T22:45:33Z
machupicchu,137247,1,https://api.github.com/users/machupicchu/repos,4,,2009-10-09T07:02:32Z
extremoburo,40734,5,https://api.github.com/users/extremoburo/repos,2,Perugia,2008-12-16T10:42:21Z
areski,53455,242,https://api.github.com/users/areski/repos,169,Barcelona,2009-02-10T20:37:07Z
tatai,195561,30,https://api.github.com/users/tatai/repos,7,,2010-02-03T13:07:22Z
bjchambers,35960,12,https://api.github.com/users/bjchambers/repos,48,,2008-11-22T04:58:50Z
mattlansom,57123,1,https://api.github.com/users/mattlansom/repos,2,UK,2009-02-23T14:42:10Z
Jaehoon,146104,0,https://api.github.com/users/Jaehoon/repos,1,,2009-10-29T03:09:48Z
yuriless,190933,0,https://api.github.com/users/yuriless/repos,1,,2010-01-27T14:49:33Z
neoayi,137907,203,https://api.github.com/users/neoayi/repos,3,Shanghai China,2009-10-10T14:14:28Z
dbkim,82389,0,https://api.github.com/users/dbkim/repos,1,,2009-05-08T11:51:12Z
lmacken,9980,93,https://api.github.com/users/lmacken/repos,253,"Denver, CO",2008-05-12T01:20:09Z
justinbkay,4094,26,https://api.github.com/users/justinbkay/repos,4,"Boise, ID",2008-03-29T00:36:29Z
maddii,117437,0,https://api.github.com/users/maddii/repos,1,,2009-08-20T09:53:43Z
SimonWallner,113854,28,https://api.github.com/users/SimonWallner/repos,12,"Vienna, Austria",2009-08-10T18:13:53Z
aixxe,147343,35,https://api.github.com/users/aixxe/repos,144,London,2009-11-01T10:32:14Z
gvwa08,36999,0,https://api.github.com/users/gvwa08/repos,2,,2008-11-27T17:37:35Z
tatsuya6502,159403,64,https://api.github.com/users/tatsuya6502/repos,67,"Shanghai, China / Tokyo, Japan",2009-11-29T07:51:49Z
mo4w3a399b556a4,166117,0,https://api.github.com/users/mo4w3a399b556a4/repos,1,,2009-12-11T13:05:43Z
wka,46676,7,https://api.github.com/users/wka/repos,6,"New York, NY",2009-01-15T01:48:40Z
tbone,150045,2,https://api.github.com/users/tbone/repos,17,,2009-11-07T07:31:18Z
zwying,58444,0,https://api.github.com/users/zwying/repos,2,,2009-02-27T04:01:41Z
jump474,174531,0,https://api.github.com/users/jump474/repos,1,,2009-12-31T05:04:51Z
richardaday,52923,7,https://api.github.com/users/richardaday/repos,9,,2009-02-09T05:37:16Z
stringbuffer,75016,0,https://api.github.com/users/stringbuffer/repos,2,,2009-04-18T00:40:56Z
EricR86,17853,20,https://api.github.com/users/EricR86/repos,3,,2008-07-22T13:17:58Z
andreydust,72970,3,https://api.github.com/users/andreydust/repos,9,,2009-04-12T12:00:22Z
wouterdebie,172038,20,https://api.github.com/users/wouterdebie/repos,40,"New York, NY",2009-12-25T10:51:23Z
rudit,193196,0,https://api.github.com/users/rudit/repos,1,,2010-01-31T06:47:23Z
evanren,132280,0,https://api.github.com/users/evanren/repos,2,Los Angeles,2009-09-28T16:23:05Z
drejom,91294,15,https://api.github.com/users/drejom/repos,3,"California, USA",2009-06-03T04:58:40Z
setanta,5896,27,https://api.github.com/users/setanta/repos,15,"Recife - PE, Brasil",2008-04-08T19:15:07Z
stusar,194409,0,https://api.github.com/users/stusar/repos,3,"Ljubljana, Slovenia",2010-02-02T09:08:41Z
Ardeanor,163664,0,https://api.github.com/users/Ardeanor/repos,1,France,2009-12-07T11:04:55Z
ofc587a87,163293,8,https://api.github.com/users/ofc587a87/repos,1,Spain,2009-12-06T12:25:09Z
chicks,62125,27,https://api.github.com/users/chicks/repos,38,"Santa Cruz, CA",2009-03-10T21:07:18Z
max-horvath,81949,24,https://api.github.com/users/max-horvath/repos,34,"Berlin, Germany",2009-05-07T08:30:25Z
globaltools,145527,0,https://api.github.com/users/globaltools/repos,0,,2009-10-27T22:42:53Z
patfrat,116576,8,https://api.github.com/users/patfrat/repos,3,Epinal,2009-08-18T13:35:20Z
proteamotto,63754,4,https://api.github.com/users/proteamotto/repos,2,,2009-03-15T23:16:11Z
keysongs71,42908,0,https://api.github.com/users/keysongs71/repos,2,,2008-12-27T19:06:05Z
tor,52031,2,https://api.github.com/users/tor/repos,13,Australia,2009-02-05T11:12:36Z
AaronShark,182929,1,https://api.github.com/users/AaronShark/repos,1,,2010-01-15T12:49:20Z
clr,13038,63,https://api.github.com/users/clr/repos,38,,2008-06-09T02:10:52Z
sdebaun,23839,31,https://api.github.com/users/sdebaun/repos,4,,2008-09-09T17:57:45Z
fafkulec,103203,1,https://api.github.com/users/fafkulec/repos,1,,2009-07-09T09:32:30Z
nonfiction,18419,27,https://api.github.com/users/nonfiction/repos,0,"Calgary, Alberta, Canada",2008-07-25T19:14:48Z
fraiha,12964,0,https://api.github.com/users/fraiha/repos,2,,2008-06-08T00:13:46Z
Jramirez02,147271,0,https://api.github.com/users/Jramirez02/repos,1,,2009-11-01T01:36:58Z
eigan,41789,33,https://api.github.com/users/eigan/repos,19,Norway,2008-12-20T14:01:09Z
,,,,,,
cinterdonato,92301,0,https://api.github.com/users/cinterdonato/repos,1,,2009-06-05T16:14:23Z
bbranch,54185,0,https://api.github.com/users/bbranch/repos,2,,2009-02-13T06:46:24Z
hotadd,74784,0,https://api.github.com/users/hotadd/repos,3,,2009-04-17T09:28:53Z
amaan,85819,0,https://api.github.com/users/amaan/repos,2,,2009-05-18T11:43:01Z
artisticdork,109658,1,https://api.github.com/users/artisticdork/repos,1,"Pittsburgh, PA",2009-07-29T00:29:18Z
ofeldt,144353,15,https://api.github.com/users/ofeldt/repos,9,Hamburg,2009-10-25T09:26:20Z
avanek,133533,0,https://api.github.com/users/avanek/repos,1,,2009-10-01T02:08:42Z
lucachaco,85146,34,https://api.github.com/users/lucachaco/repos,6,,2009-05-16T02:14:54Z
alexruiz,151039,13,https://api.github.com/users/alexruiz/repos,83,,2009-11-10T00:39:00Z
msuterski,184905,20,https://api.github.com/users/msuterski/repos,2,,2010-01-18T20:44:30Z
ebony,156238,0,https://api.github.com/users/ebony/repos,1,,2009-11-21T05:02:45Z
mikaelf,41864,5,https://api.github.com/users/mikaelf/repos,7,Sweden,2008-12-20T23:02:29Z
geoffdimasi,164509,1,https://api.github.com/users/geoffdimasi/repos,9,"Philadelphia, PA",2009-12-08T17:00:19Z
adeelshahid,34527,53,https://api.github.com/users/adeelshahid/repos,11,Norway,2008-11-14T21:46:08Z
wugalde,101808,4,https://api.github.com/users/wugalde/repos,1,,2009-07-05T09:42:47Z
scottmcmurray,194180,4,https://api.github.com/users/scottmcmurray/repos,1,,2010-02-01T23:47:58Z
biagidp,28202,9,https://api.github.com/users/biagidp/repos,10,"Nashville, TN",2008-10-09T02:55:34Z
lambo,47532,13,https://api.github.com/users/lambo/repos,20,Hannover,2009-01-18T22:04:24Z
lindsay-archived,67955,0,https://api.github.com/users/lindsay-archived/repos,2,,2009-03-27T19:22:11Z
danielrichardson,38007,0,https://api.github.com/users/danielrichardson/repos,5,,2008-12-03T11:02:55Z
chappy,166712,0,https://api.github.com/users/chappy/repos,1,,2009-12-12T19:24:09Z
dannyxyz22,56499,12,https://api.github.com/users/dannyxyz22/repos,10,,2009-02-21T03:52:05Z
esiroker,81954,0,https://api.github.com/users/esiroker/repos,4,,2009-05-07T08:38:53Z
ssommerfeldt,173867,1,https://api.github.com/users/ssommerfeldt/repos,2,,2009-12-29T22:24:37Z
bpieber,79920,12,https://api.github.com/users/bpieber/repos,14,Vienna,2009-05-01T12:39:22Z
cj,1819,224,https://api.github.com/users/cj/repos,38,,2008-02-29T20:59:02Z
offensivepolitics,60095,21,https://api.github.com/users/offensivepolitics/repos,23,"Washington, DC",2009-03-04T14:46:46Z
namxam,5399,60,https://api.github.com/users/namxam/repos,16,"Cologne, Germany",2008-04-06T11:36:11Z
alieninvancouver,99552,0,https://api.github.com/users/alieninvancouver/repos,1,,2009-06-27T21:14:14Z
steinbeck,107318,6,https://api.github.com/users/steinbeck/repos,22,Jena,2009-07-21T15:00:22Z
tmschndr,19489,10,https://api.github.com/users/tmschndr/repos,54,"Cologne, Germany",2008-08-04T12:29:35Z
Eunkyoung,151066,0,https://api.github.com/users/Eunkyoung/repos,1,,2009-11-10T02:01:54Z
axlape,198438,2,https://api.github.com/users/axlape/repos,6,"Turku, Finland",2010-02-06T16:11:45Z
henrikh,87876,17,https://api.github.com/users/henrikh/repos,22,Denmark,2009-05-23T18:09:41Z
alexat,29947,3,https://api.github.com/users/alexat/repos,2,,2008-10-20T13:30:22Z
karanbhangui,49307,0,https://api.github.com/users/karanbhangui/repos,14,,2009-01-26T10:53:41Z
HansS,43744,1508,https://api.github.com/users/HansS/repos,4,,2009-01-02T10:36:54Z
ivdmeer,115244,9,https://api.github.com/users/ivdmeer/repos,6,The Netherlands,2009-08-14T08:59:25Z
zeljko,23354,1,https://api.github.com/users/zeljko/repos,2,US,2008-09-05T19:41:33Z
Gamesh,171747,43,https://api.github.com/users/Gamesh/repos,9,Lithuania,2009-12-24T12:03:28Z
morty,3272,58,https://api.github.com/users/morty/repos,26,United Kingdom,2008-03-17T17:09:04Z
Stenudd,137548,23,https://api.github.com/users/Stenudd/repos,6,,2009-10-09T17:39:00Z
stephenbrown84,199583,7,https://api.github.com/users/stephenbrown84/repos,3,,2010-02-08T14:57:22Z
octanem,182552,1,https://api.github.com/users/octanem/repos,2,Montréal,2010-01-14T23:01:07Z
betarelease,41690,67,https://api.github.com/users/betarelease/repos,35,,2008-12-19T23:18:57Z
charliek,24948,54,https://api.github.com/users/charliek/repos,36,"Minneapolis, MN, US",2008-09-17T04:57:28Z
shali,39788,1,https://api.github.com/users/shali/repos,2,,2008-12-11T09:58:10Z
mxcm428,168249,0,https://api.github.com/users/mxcm428/repos,1,,2009-12-16T05:31:51Z
keithelder,33124,25,https://api.github.com/users/keithelder/repos,26,"Hattiesburg, MS",2008-11-07T06:38:56Z
patali,147422,9,https://api.github.com/users/patali/repos,3,"Bengaluru, India",2009-11-01T16:43:16Z
adityar,180060,0,https://api.github.com/users/adityar/repos,1,,2010-01-11T14:45:24Z
Opensalons,90855,0,https://api.github.com/users/Opensalons/repos,2,,2009-06-02T00:21:56Z
acts-human,74545,1,https://api.github.com/users/acts-human/repos,13,,2009-04-16T20:14:26Z
The-Munk,130548,1,https://api.github.com/users/The-Munk/repos,1,,2009-09-23T21:12:17Z
mikepelley,48527,8,https://api.github.com/users/mikepelley/repos,2,"Ottawa, Ontario, Canada",2009-01-22T15:26:16Z
djwhitt,1110,50,https://api.github.com/users/djwhitt/repos,37,"Madison, WI",2008-02-27T17:46:55Z
polad,35266,12,https://api.github.com/users/polad/repos,9,Calgary AB,2008-11-18T19:32:05Z
elastic-grid,92544,1,https://api.github.com/users/elastic-grid/repos,1,,2009-06-06T10:42:38Z
cfournie,49264,16,https://api.github.com/users/cfournie/repos,27,"Ottawa, ON, Canada",2009-01-26T04:40:47Z
Ankelo,72835,1,https://api.github.com/users/Ankelo/repos,3,,2009-04-11T21:29:35Z
pcyl,166129,1,https://api.github.com/users/pcyl/repos,1,,2009-12-11T13:23:02Z
udi,40827,8,https://api.github.com/users/udi/repos,4,,2008-12-16T19:37:05Z
bobblanchett,97148,5,https://api.github.com/users/bobblanchett/repos,9,,2009-06-19T20:11:32Z
hyoshiok,25151,27,https://api.github.com/users/hyoshiok/repos,49,"Tokyo, Japan",2008-09-18T10:15:39Z
whb,12425,23,https://api.github.com/users/whb/repos,2,,2008-06-03T13:13:18Z
mthadisena,199281,7,https://api.github.com/users/mthadisena/repos,1,,2010-02-08T05:35:20Z
gaz,59664,5,https://api.github.com/users/gaz/repos,8,,2009-03-03T11:19:39Z
typejack,85044,0,https://api.github.com/users/typejack/repos,3,,2009-05-15T18:28:45Z
agriffis,50637,78,https://api.github.com/users/agriffis/repos,27,"Providence, RI",2009-01-31T02:22:54Z
mccomaschris,26128,6,https://api.github.com/users/mccomaschris/repos,2,"Huntington, WV",2008-09-24T18:04:12Z
creditcardsom365,130744,0,https://api.github.com/users/creditcardsom365/repos,1,,2009-09-24T09:13:51Z
rosy,160085,1,https://api.github.com/users/rosy/repos,0,Illinois,2009-11-30T21:48:49Z
sixstone,54278,1,https://api.github.com/users/sixstone/repos,6,,2009-02-13T15:15:54Z
anasmd,171993,10,https://api.github.com/users/anasmd/repos,1,Hyderabad,2009-12-25T06:02:44Z
tekberg,110270,0,https://api.github.com/users/tekberg/repos,1,,2009-07-30T13:15:50Z
kbierbaum,4879,4,https://api.github.com/users/kbierbaum/repos,7,,2008-04-04T02:12:43Z
oldrockerboy,39798,1,https://api.github.com/users/oldrockerboy/repos,2,,2008-12-11T11:12:34Z
ainth,94474,18,https://api.github.com/users/ainth/repos,3,"Toronto, ON",2009-06-11T20:24:39Z
jotabeltran,93223,3,https://api.github.com/users/jotabeltran/repos,1,"Bogotá, Colombia",2009-06-08T15:31:11Z
coreformula,58778,2,https://api.github.com/users/coreformula/repos,3,,2009-02-28T04:02:13Z
andreww,19102,68,https://api.github.com/users/andreww/repos,43,,2008-07-31T12:41:26Z
binh37,9893,0,https://api.github.com/users/binh37/repos,1,,2008-05-10T19:34:24Z
alexeyb,164949,0,https://api.github.com/users/alexeyb/repos,1,,2009-12-09T10:45:01Z
slaxmtk,181750,0,https://api.github.com/users/slaxmtk/repos,1,,2010-01-13T22:16:36Z
alekas,193618,1,https://api.github.com/users/alekas/repos,1,,2010-02-01T04:47:02Z
nextfivesteps,160964,0,https://api.github.com/users/nextfivesteps/repos,1,,2009-12-02T17:16:53Z
cafegurl,136597,0,https://api.github.com/users/cafegurl/repos,2,,2009-10-08T00:28:41Z
guil3z,85370,0,https://api.github.com/users/guil3z/repos,2,,2009-05-17T00:16:22Z
esfoobar,167982,39,https://api.github.com/users/esfoobar/repos,16,"New York, NY",2009-12-15T16:57:13Z
dutekvejin,119709,4,https://api.github.com/users/dutekvejin/repos,4,,2009-08-26T12:39:48Z
aperta-zz,35607,0,https://api.github.com/users/aperta-zz/repos,3,Indonesia,2008-11-20T08:29:54Z
MagnuM666,108311,0,https://api.github.com/users/MagnuM666/repos,1,,2009-07-24T12:53:04Z
blueglimmer,26894,0,https://api.github.com/users/blueglimmer/repos,1,,2008-09-30T11:32:35Z
maxlamenace,104490,0,https://api.github.com/users/maxlamenace/repos,1,,2009-07-13T17:30:43Z
superjer,99792,23,https://api.github.com/users/superjer/repos,18,Seattle City,2009-06-28T23:42:46Z
,,,,,,
msuterski,184905,20,https://api.github.com/users/msuterski/repos,2,,2010-01-18T20:44:30Z
audreylee88,131792,3,https://api.github.com/users/audreylee88/repos,2,,2009-09-27T06:18:44Z
slaxmtk,181750,0,https://api.github.com/users/slaxmtk/repos,1,,2010-01-13T22:16:36Z
chappy,166712,0,https://api.github.com/users/chappy/repos,1,,2009-12-12T19:24:09Z
hyoshiok,25151,27,https://api.github.com/users/hyoshiok/repos,49,"Tokyo, Japan",2008-09-18T10:15:39Z
nextfivesteps,160964,0,https://api.github.com/users/nextfivesteps/repos,1,,2009-12-02T17:16:53Z
thoughtlead,107403,5,https://api.github.com/users/thoughtlead/repos,1,,2009-07-21T19:40:19Z
tmschndr,19489,10,https://api.github.com/users/tmschndr/repos,54,"Cologne, Germany",2008-08-04T12:29:35Z
fraiha,12964,0,https://api.github.com/users/fraiha/repos,2,,2008-06-08T00:13:46Z
k0sh,138251,7,https://api.github.com/users/k0sh/repos,5,"Russia, Vladimir",2009-10-11T14:06:29Z
sdebaun,23839,31,https://api.github.com/users/sdebaun/repos,4,,2008-09-09T17:57:45Z
tatai,195561,30,https://api.github.com/users/tatai/repos,7,,2010-02-03T13:07:22Z
tomaskissik,205291,3,https://api.github.com/users/tomaskissik/repos,1,Prague,2010-02-17T14:07:40Z
mxcm428,168249,0,https://api.github.com/users/mxcm428/repos,1,,2009-12-16T05:31:51Z
alieninvancouver,99552,0,https://api.github.com/users/alieninvancouver/repos,1,,2009-06-27T21:14:14Z
davidos,163050,0,https://api.github.com/users/davidos/repos,1,,2009-12-05T19:22:39Z
pcyl,166129,1,https://api.github.com/users/pcyl/repos,1,,2009-12-11T13:23:02Z
aqn,155742,5,https://api.github.com/users/aqn/repos,1,Tokyo,2009-11-20T02:00:18Z
tbone,150045,2,https://api.github.com/users/tbone/repos,17,,2009-11-07T07:31:18Z
jotabeltran,93223,3,https://api.github.com/users/jotabeltran/repos,1,"Bogotá, Colombia",2009-06-08T15:31:11Z
patfrat,116576,8,https://api.github.com/users/patfrat/repos,3,Epinal,2009-08-18T13:35:20Z
tor,52031,2,https://api.github.com/users/tor/repos,13,Australia,2009-02-05T11:12:36Z
koush,73924,228,https://api.github.com/users/koush/repos,7114,"Seattle, WA",2009-04-15T04:08:21Z
jump474,174531,0,https://api.github.com/users/jump474/repos,1,,2009-12-31T05:04:51Z
whb,12425,23,https://api.github.com/users/whb/repos,2,,2008-06-03T13:13:18Z
ckborne,174060,0,https://api.github.com/users/ckborne/repos,1,,2009-12-30T07:33:39Z
jessb,41157,0,https://api.github.com/users/jessb/repos,2,"Verona, WI",2008-12-18T03:34:37Z
gsantos,115482,0,https://api.github.com/users/gsantos/repos,2,,2009-08-14T22:45:33Z
blueglimmer,26894,0,https://api.github.com/users/blueglimmer/repos,1,,2008-09-30T11:32:35Z
mo4w3a399b556a4,166117,0,https://api.github.com/users/mo4w3a399b556a4/repos,1,,2009-12-11T13:05:43Z
rahmatharman,186944,0,https://api.github.com/users/rahmatharman/repos,1,,2010-01-21T13:58:11Z
tcconsulting,198245,2,https://api.github.com/users/tcconsulting/repos,1,,2010-02-06T06:38:51Z
dutekvejin,119709,4,https://api.github.com/users/dutekvejin/repos,4,,2009-08-26T12:39:48Z
richardaday,52923,7,https://api.github.com/users/richardaday/repos,9,,2009-02-09T05:37:16Z
stusar,194409,0,https://api.github.com/users/stusar/repos,3,"Ljubljana, Slovenia",2010-02-02T09:08:41Z
wouterdebie,172038,20,https://api.github.com/users/wouterdebie/repos,40,"New York, NY",2009-12-25T10:51:23Z
shali,39788,1,https://api.github.com/users/shali/repos,2,,2008-12-11T09:58:10Z
jey,15294,31,https://api.github.com/users/jey/repos,41,"Berkeley, California",2008-06-27T17:11:20Z
tloring,150583,4,https://api.github.com/users/tloring/repos,1,"Wilmington, Delaware",2009-11-08T23:17:53Z
ainth,94474,18,https://api.github.com/users/ainth/repos,3,"Toronto, ON",2009-06-11T20:24:39Z
creditcardsom365,130744,0,https://api.github.com/users/creditcardsom365/repos,1,,2009-09-24T09:13:51Z
bublik,38275,29,https://api.github.com/users/bublik/repos,17,Odessa Ukraine,2008-12-04T13:35:32Z
acts-human,74545,1,https://api.github.com/users/acts-human/repos,13,,2009-04-16T20:14:26Z
bobblanchett,97148,5,https://api.github.com/users/bobblanchett/repos,9,,2009-06-19T20:11:32Z
neoayi,137907,203,https://api.github.com/users/neoayi/repos,3,Shanghai China,2009-10-10T14:14:28Z
broomie,35412,5,https://api.github.com/users/broomie/repos,3,london,2008-11-19T11:34:38Z
pedroj02,89373,0,https://api.github.com/users/pedroj02/repos,1,,2009-05-28T00:29:26Z
karlenta,31037,0,https://api.github.com/users/karlenta/repos,2,,2008-10-25T20:49:27Z
evanren,132280,0,https://api.github.com/users/evanren/repos,2,Los Angeles,2009-09-28T16:23:05Z
ssommerfeldt,173867,1,https://api.github.com/users/ssommerfeldt/repos,2,,2009-12-29T22:24:37Z
rhomann,134041,2,https://api.github.com/users/rhomann/repos,5,Germany,2009-10-02T06:04:32Z
DannyGN,110514,0,https://api.github.com/users/DannyGN/repos,1,,2009-07-31T04:39:44Z
Jaehoon,146104,0,https://api.github.com/users/Jaehoon/repos,1,,2009-10-29T03:09:48Z
guil3z,85370,0,https://api.github.com/users/guil3z/repos,2,,2009-05-17T00:16:22Z
aixxe,147343,35,https://api.github.com/users/aixxe/repos,144,London,2009-11-01T10:32:14Z
ofeldt,144353,15,https://api.github.com/users/ofeldt/repos,9,Hamburg,2009-10-25T09:26:20Z
,,,,,,
Ardeanor,163664,0,https://api.github.com/users/Ardeanor/repos,1,France,2009-12-07T11:04:55Z
karanbhangui,49307,0,https://api.github.com/users/karanbhangui/repos,14,,2009-01-26T10:53:41Z
stringbuffer,75016,0,https://api.github.com/users/stringbuffer/repos,2,,2009-04-18T00:40:56Z
kroki,187649,14,https://api.github.com/users/kroki/repos,7,,2010-01-22T12:37:28Z
typejack,85044,0,https://api.github.com/users/typejack/repos,3,,2009-05-15T18:28:45Z
atosimitu,181104,0,https://api.github.com/users/atosimitu/repos,7,,2010-01-13T01:30:03Z
anasmd,171993,10,https://api.github.com/users/anasmd/repos,1,Hyderabad,2009-12-25T06:02:44Z
aperta-zz,35607,0,https://api.github.com/users/aperta-zz/repos,3,Indonesia,2008-11-20T08:29:54Z
erd,184194,7,https://api.github.com/users/erd/repos,59,"Oakland, CA",2010-01-17T21:24:20Z
superjer,99792,23,https://api.github.com/users/superjer/repos,18,Seattle City,2009-06-28T23:42:46Z
eatingpx,169862,0,https://api.github.com/users/eatingpx/repos,1,,2009-12-19T17:20:20Z
chicks,62125,27,https://api.github.com/users/chicks/repos,38,"Santa Cruz, CA",2009-03-10T21:07:18Z
avanek,133533,0,https://api.github.com/users/avanek/repos,1,,2009-10-01T02:08:42Z
lucachaco,85146,34,https://api.github.com/users/lucachaco/repos,6,,2009-05-16T02:14:54Z
ccurro,44445,16,https://api.github.com/users/ccurro/repos,19,"New York, NY",2009-01-06T01:44:43Z
alekas,193618,1,https://api.github.com/users/alekas/repos,1,,2010-02-01T04:47:02Z
steinbeck,107318,6,https://api.github.com/users/steinbeck/repos,22,Jena,2009-07-21T15:00:22Z
seiji902,46233,0,https://api.github.com/users/seiji902/repos,3,,2009-01-13T11:57:07Z
geoffdimasi,164509,1,https://api.github.com/users/geoffdimasi/repos,9,"Philadelphia, PA",2009-12-08T17:00:19Z
wwj256,190939,1,https://api.github.com/users/wwj256/repos,1,,2010-01-27T14:59:51Z
abuzitos,44890,5,https://api.github.com/users/abuzitos/repos,6,SÃ£o Paulo / Brasil,2009-01-07T18:21:20Z
Stenudd,137548,23,https://api.github.com/users/Stenudd/repos,6,,2009-10-09T17:39:00Z
andreww,19102,68,https://api.github.com/users/andreww/repos,43,,2008-07-31T12:41:26Z
talentless,20351,11,https://api.github.com/users/talentless/repos,9,tacos'r'us,2008-08-12T03:04:22Z
chedabob,168025,22,https://api.github.com/users/chedabob/repos,10,,2009-12-15T18:43:58Z
stephenbrown84,199583,7,https://api.github.com/users/stephenbrown84/repos,3,,2010-02-08T14:57:22Z
offensivepolitics,60095,21,https://api.github.com/users/offensivepolitics/repos,23,"Washington, DC",2009-03-04T14:46:46Z
hotadd,74784,0,https://api.github.com/users/hotadd/repos,3,,2009-04-17T09:28:53Z
namxam,5399,60,https://api.github.com/users/namxam/repos,16,"Cologne, Germany",2008-04-06T11:36:11Z
biagidp,28202,9,https://api.github.com/users/biagidp/repos,10,"Nashville, TN",2008-10-09T02:55:34Z
polad,35266,12,https://api.github.com/users/polad/repos,9,Calgary AB,2008-11-18T19:32:05Z
rosy,160085,1,https://api.github.com/users/rosy/repos,0,Illinois,2009-11-30T21:48:49Z
titina,139082,0,https://api.github.com/users/titina/repos,1,,2009-10-13T08:41:04Z
elastic-grid,92544,1,https://api.github.com/users/elastic-grid/repos,1,,2009-06-06T10:42:38Z
djwhitt,1110,50,https://api.github.com/users/djwhitt/repos,37,"Madison, WI",2008-02-27T17:46:55Z
crdant,50028,104,https://api.github.com/users/crdant/repos,5,Greater Boston,2009-01-28T20:29:10Z
Jramirez02,147271,0,https://api.github.com/users/Jramirez02/repos,1,,2009-11-01T01:36:58Z
sheepdoll,198809,14,https://api.github.com/users/sheepdoll/repos,3,Silicon Valley,2010-02-07T06:06:04Z
hualove88,93554,1,https://api.github.com/users/hualove88/repos,1,,2009-06-09T13:25:55Z
nobbycat,18317,0,https://api.github.com/users/nobbycat/repos,2,,2008-07-24T22:26:47Z
finknottle,148458,3,https://api.github.com/users/finknottle/repos,1,"San Francisco, CA",2009-11-03T19:56:56Z
johnnyflorida923,197225,0,https://api.github.com/users/johnnyflorida923/repos,1,,2010-02-05T00:23:21Z
nitidobot,152662,0,https://api.github.com/users/nitidobot/repos,1,,2009-11-13T03:42:08Z
bpieber,79920,12,https://api.github.com/users/bpieber/repos,14,Vienna,2009-05-01T12:39:22Z
jakequist,207427,11,https://api.github.com/users/jakequist/repos,4,"Palo Alto, CA",2010-02-20T17:35:34Z
mthadisena,199281,7,https://api.github.com/users/mthadisena/repos,1,,2010-02-08T05:35:20Z
zwying,58444,0,https://api.github.com/users/zwying/repos,2,,2009-02-27T04:01:41Z
mccomaschris,26128,6,https://api.github.com/users/mccomaschris/repos,2,"Huntington, WV",2008-09-24T18:04:12Z
DmitryErmakov,111085,0,https://api.github.com/users/DmitryErmakov/repos,1,Russia,2009-08-02T10:52:49Z
machupicchu,137247,1,https://api.github.com/users/machupicchu/repos,4,,2009-10-09T07:02:32Z
kendalen,195244,4,https://api.github.com/users/kendalen/repos,1,,2010-02-03T08:33:23Z
mattlansom,57123,1,https://api.github.com/users/mattlansom/repos,2,UK,2009-02-23T14:42:10Z
adeelshahid,34527,53,https://api.github.com/users/adeelshahid/repos,11,Norway,2008-11-14T21:46:08Z
cfournie,49264,16,https://api.github.com/users/cfournie/repos,27,"Ottawa, ON, Canada",2009-01-26T04:40:47Z
gaz,59664,5,https://api.github.com/users/gaz/repos,8,,2009-03-03T11:19:39Z
betarelease,41690,67,https://api.github.com/users/betarelease/repos,35,,2008-12-19T23:18:57Z
justinbkay,4094,26,https://api.github.com/users/justinbkay/repos,4,"Boise, ID",2008-03-29T00:36:29Z
andreydust,72970,3,https://api.github.com/users/andreydust/repos,9,,2009-04-12T12:00:22Z
eigan,41789,33,https://api.github.com/users/eigan/repos,19,Norway,2008-12-20T14:01:09Z
bbranch,54185,0,https://api.github.com/users/bbranch/repos,2,,2009-02-13T06:46:24Z
max-horvath,81949,24,https://api.github.com/users/max-horvath/repos,34,"Berlin, Germany",2009-05-07T08:30:25Z
joule-xx,160192,0,https://api.github.com/users/joule-xx/repos,1,,2009-12-01T03:26:26Z
Nosrac,196331,18,https://api.github.com/users/Nosrac/repos,12,,2010-02-04T05:21:57Z
fafkulec,103203,1,https://api.github.com/users/fafkulec/repos,1,,2009-07-09T09:32:30Z
ivdmeer,115244,9,https://api.github.com/users/ivdmeer/repos,6,The Netherlands,2009-08-14T08:59:25Z
areski,53455,242,https://api.github.com/users/areski/repos,169,Barcelona,2009-02-10T20:37:07Z
lekhser,111102,0,https://api.github.com/users/lekhser/repos,1,,2009-08-02T13:18:19Z
amaan,85819,0,https://api.github.com/users/amaan/repos,2,,2009-05-18T11:43:01Z
kbierbaum,4879,4,https://api.github.com/users/kbierbaum/repos,7,,2008-04-04T02:12:43Z
cafegurl,136597,0,https://api.github.com/users/cafegurl/repos,2,,2009-10-08T00:28:41Z
alexruiz,151039,13,https://api.github.com/users/alexruiz/repos,83,,2009-11-10T00:39:00Z
scottmcmurray,194180,4,https://api.github.com/users/scottmcmurray/repos,1,,2010-02-01T23:47:58Z
zeljko,23354,1,https://api.github.com/users/zeljko/repos,2,US,2008-09-05T19:41:33Z
clintmiller1,107434,0,https://api.github.com/users/clintmiller1/repos,1,"Austin, Texas",2009-07-21T21:36:39Z
yuriless,190933,0,https://api.github.com/users/yuriless/repos,1,,2010-01-27T14:49:33Z
nathanntg,194728,25,https://api.github.com/users/nathanntg/repos,26,"Cambridge, MA",2010-02-02T19:13:39Z
ebony,156238,0,https://api.github.com/users/ebony/repos,1,,2009-11-21T05:02:45Z
aethra,159281,0,https://api.github.com/users/aethra/repos,1,,2009-11-28T20:08:06Z
cinterdonato,92301,0,https://api.github.com/users/cinterdonato/repos,1,,2009-06-05T16:14:23Z
pulver,39707,1,https://api.github.com/users/pulver/repos,3,,2008-12-11T02:49:42Z
steliosxx,100731,1,https://api.github.com/users/steliosxx/repos,2,,2009-07-01T15:48:13Z
tekberg,110270,0,https://api.github.com/users/tekberg/repos,1,,2009-07-30T13:15:50Z
maddii,117437,0,https://api.github.com/users/maddii/repos,1,,2009-08-20T09:53:43Z
esfoobar,167982,39,https://api.github.com/users/esfoobar/repos,16,"New York, NY",2009-12-15T16:57:13Z
AaronShark,182929,1,https://api.github.com/users/AaronShark/repos,1,,2010-01-15T12:49:20Z
waiz,195771,0,https://api.github.com/users/waiz/repos,7,,2010-02-03T16:21:17Z
drejom,91294,15,https://api.github.com/users/drejom/repos,3,"California, USA",2009-06-03T04:58:40Z
SimonWallner,113854,28,https://api.github.com/users/SimonWallner/repos,12,"Vienna, Austria",2009-08-10T18:13:53Z
dmatranga,75672,11,https://api.github.com/users/dmatranga/repos,4,"Houston, TX",2009-04-20T09:53:58Z
erkan294,207824,0,https://api.github.com/users/erkan294/repos,1,,2010-02-21T14:06:36Z
keithelder,33124,25,https://api.github.com/users/keithelder/repos,26,"Hattiesburg, MS",2008-11-07T06:38:56Z
patali,147422,9,https://api.github.com/users/patali/repos,3,"Bengaluru, India",2009-11-01T16:43:16Z
rudit,193196,0,https://api.github.com/users/rudit/repos,1,,2010-01-31T06:47:23Z
oldrockerboy,39798,1,https://api.github.com/users/oldrockerboy/repos,2,,2008-12-11T11:12:34Z
MagnuM666,108311,0,https://api.github.com/users/MagnuM666/repos,1,,2009-07-24T12:53:04Z
jtimberman,12483,377,https://api.github.com/users/jtimberman/repos,393,Colorado,2008-06-03T21:11:35Z
Opensalons,90855,0,https://api.github.com/users/Opensalons/repos,2,,2009-06-02T00:21:56Z
extremoburo,40734,5,https://api.github.com/users/extremoburo/repos,2,Perugia,2008-12-16T10:42:21Z
wka,46676,7,https://api.github.com/users/wka/repos,6,"New York, NY",2009-01-15T01:48:40Z
henrikh,87876,17,https://api.github.com/users/henrikh/repos,22,Denmark,2009-05-23T18:09:41Z
globaltools,145527,0,https://api.github.com/users/globaltools/repos,0,,2009-10-27T22:42:53Z
danielrichardson,38007,0,https://api.github.com/users/danielrichardson/repos,5,,2008-12-03T11:02:55Z
ofc587a87,163293,8,https://api.github.com/users/ofc587a87/repos,1,Spain,2009-12-06T12:25:09Z
octanem,182552,1,https://api.github.com/users/octanem/repos,2,Montréal,2010-01-14T23:01:07Z
proteamotto,63754,4,https://api.github.com/users/proteamotto/repos,2,,2009-03-15T23:16:11Z
aamir-zz,96635,1,https://api.github.com/users/aamir-zz/repos,2,,2009-06-18T11:16:30Z
alexat,29947,3,https://api.github.com/users/alexat/repos,2,,2008-10-20T13:30:22Z
bjchambers,35960,12,https://api.github.com/users/bjchambers/repos,48,,2008-11-22T04:58:50Z
charliek,24948,54,https://api.github.com/users/charliek/repos,36,"Minneapolis, MN, US",2008-09-17T04:57:28Z
Martiusweb,195352,28,https://api.github.com/users/Martiusweb/repos,101,"Paris, France",2010-02-03T09:54:31Z
sangchul,28073,1,https://api.github.com/users/sangchul/repos,2,"Seoul, Korea",2008-10-08T07:14:59Z
mikepelley,48527,8,https://api.github.com/users/mikepelley/repos,2,"Ottawa, Ontario, Canada",2009-01-22T15:26:16Z
dstreev,55578,39,https://api.github.com/users/dstreev/repos,39,"Atlanta, GA",2009-02-18T15:07:58Z
ppichet,144043,1,https://api.github.com/users/ppichet/repos,3,"Montréal, Canada",2009-10-24T12:26:00Z
nonfiction,18419,27,https://api.github.com/users/nonfiction/repos,0,"Calgary, Alberta, Canada",2008-07-25T19:14:48Z
adityar,180060,0,https://api.github.com/users/adityar/repos,1,,2010-01-11T14:45:24Z
gvwa08,36999,0,https://api.github.com/users/gvwa08/repos,2,,2008-11-27T17:37:35Z
cj,1819,224,https://api.github.com/users/cj/repos,38,,2008-02-29T20:59:02Z
Rocket442,147287,0,https://api.github.com/users/Rocket442/repos,1,,2009-11-01T03:25:24Z
xxxxxxxxxxxxxxxxxx,113959,0,https://api.github.com/users/xxxxxxxxxxxxxxxxxx/repos,2,,2009-08-10T22:06:17Z
udi,40827,8,https://api.github.com/users/udi/repos,4,,2008-12-16T19:37:05Z
jayem,72147,0,https://api.github.com/users/jayem/repos,3,,2009-04-09T14:31:01Z
tatsuya6502,159403,64,https://api.github.com/users/tatsuya6502/repos,67,"Shanghai, China / Tokyo, Japan",2009-11-29T07:51:49Z
HansS,43744,1508,https://api.github.com/users/HansS/repos,4,,2009-01-02T10:36:54Z
Gamesh,171747,43,https://api.github.com/users/Gamesh/repos,9,Lithuania,2009-12-24T12:03:28Z
keysongs71,42908,0,https://api.github.com/users/keysongs71/repos,2,,2008-12-27T19:06:05Z
zizitop,196351,0,https://api.github.com/users/zizitop/repos,1,,2010-02-04T05:43:27Z
josedonizetti,34032,60,https://api.github.com/users/josedonizetti/repos,69,Brazil,2008-11-12T11:14:00Z
agriffis,50637,78,https://api.github.com/users/agriffis/repos,27,"Providence, RI",2009-01-31T02:22:54Z
torgeir,118202,133,https://api.github.com/users/torgeir/repos,68,Trondheim,2009-08-22T08:24:41Z
lkubicek,199668,3,https://api.github.com/users/lkubicek/repos,1,,2010-02-08T16:52:08Z
dermidgen,53420,88,https://api.github.com/users/dermidgen/repos,17,"Orange County, Ca",2009-02-10T18:53:52Z
Ankelo,72835,1,https://api.github.com/users/Ankelo/repos,3,,2009-04-11T21:29:35Z
EricR86,17853,20,https://api.github.com/users/EricR86/repos,3,,2008-07-22T13:17:58Z
dbkim,82389,0,https://api.github.com/users/dbkim/repos,1,,2009-05-08T11:51:12Z
lindsay-archived,67955,0,https://api.github.com/users/lindsay-archived/repos,2,,2009-03-27T19:22:11Z
Pluap,161383,1,https://api.github.com/users/Pluap/repos,1,,2009-12-03T13:34:40Z
setanta,5896,27,https://api.github.com/users/setanta/repos,15,"Recife - PE, Brasil",2008-04-08T19:15:07Z
mikaelf,41864,5,https://api.github.com/users/mikaelf/repos,7,Sweden,2008-12-20T23:02:29Z
lambo,47532,13,https://api.github.com/users/lambo/repos,20,Hannover,2009-01-18T22:04:24Z
bozospaw,55383,0,https://api.github.com/users/bozospaw/repos,3,,2009-02-17T22:52:09Z
ferbs,45411,5,https://api.github.com/users/ferbs/repos,6,San Francisco,2009-01-09T20:09:14Z
danmartell,101288,1,https://api.github.com/users/danmartell/repos,5,,2009-07-03T06:09:28Z
dannyxyz22,56499,12,https://api.github.com/users/dannyxyz22/repos,10,,2009-02-21T03:52:05Z
maxlamenace,104490,0,https://api.github.com/users/maxlamenace/repos,1,,2009-07-13T17:30:43Z
humanrender,161557,35,https://api.github.com/users/humanrender/repos,16,Madrid,2009-12-03T19:52:05Z
robmackley,142072,0,https://api.github.com/users/robmackley/repos,1,,2009-10-20T10:53:48Z
arrai-innovations,48612,8,https://api.github.com/users/arrai-innovations/repos,0,"Edmonton, Alberta, Canada",2009-01-22T21:16:46Z
Iandre,173131,0,https://api.github.com/users/Iandre/repos,1,,2009-12-28T17:14:18Z
clr,13038,63,https://api.github.com/users/clr/repos,38,,2008-06-09T02:10:52Z
jahlopez81,67542,0,https://api.github.com/users/jahlopez81/repos,5,,2009-03-26T19:13:50Z
tasdev,82328,0,https://api.github.com/users/tasdev/repos,1,,2009-05-08T07:14:25Z
wugalde,101808,4,https://api.github.com/users/wugalde/repos,1,,2009-07-05T09:42:47Z
Eunkyoung,151066,0,https://api.github.com/users/Eunkyoung/repos,1,,2009-11-10T02:01:54Z
The-Munk,130548,1,https://api.github.com/users/The-Munk/repos,1,,2009-09-23T21:12:17Z
taichimaster,181732,0,https://api.github.com/users/taichimaster/repos,1,,2010-01-13T21:45:35Z
alexeyb,164949,0,https://api.github.com/users/alexeyb/repos,1,,2009-12-09T10:45:01Z
esiroker,81954,0,https://api.github.com/users/esiroker/repos,4,,2009-05-07T08:38:53Z
morty,3272,58,https://api.github.com/users/morty/repos,26,United Kingdom,2008-03-17T17:09:04Z
lmacken,9980,93,https://api.github.com/users/lmacken/repos,253,"Denver, CO",2008-05-12T01:20:09Z
axlape,198438,2,https://api.github.com/users/axlape/repos,6,"Turku, Finland",2010-02-06T16:11:45Z
sixstone,54278,1,https://api.github.com/users/sixstone/repos,6,,2009-02-13T15:15:54Z
binh37,9893,0,https://api.github.com/users/binh37/repos,1,,2008-05-10T19:34:24Z
artisticdork,109658,1,https://api.github.com/users/artisticdork/repos,1,"Pittsburgh, PA",2009-07-29T00:29:18Z
coreformula,58778,2,https://api.github.com/users/coreformula/repos,3,,2009-02-28T04:02:13Z
,,,,,,
sangchul,28073,1,https://api.github.com/users/sangchul/repos,2,"Seoul, Korea",2008-10-08T07:14:59Z
tomaskissik,205291,3,https://api.github.com/users/tomaskissik/repos,1,Prague,2010-02-17T14:07:40Z
sbressler,209111,6,https://api.github.com/users/sbressler/repos,9,,2010-02-23T12:30:16Z
bjchambers,35960,12,https://api.github.com/users/bjchambers/repos,48,,2008-11-22T04:58:50Z
axlape,198438,2,https://api.github.com/users/axlape/repos,6,"Turku, Finland",2010-02-06T16:11:45Z
Ankelo,72835,1,https://api.github.com/users/Ankelo/repos,3,,2009-04-11T21:29:35Z
broomie,35412,5,https://api.github.com/users/broomie/repos,3,london,2008-11-19T11:34:38Z
xxxxxxxxxxxxxxxxxx,113959,0,https://api.github.com/users/xxxxxxxxxxxxxxxxxx/repos,2,,2009-08-10T22:06:17Z
wugalde,101808,4,https://api.github.com/users/wugalde/repos,1,,2009-07-05T09:42:47Z
ssommerfeldt,173867,1,https://api.github.com/users/ssommerfeldt/repos,2,,2009-12-29T22:24:37Z
djjonathan,228434,1,https://api.github.com/users/djjonathan/repos,1,,2010-03-23T06:20:47Z
taichimaster,181732,0,https://api.github.com/users/taichimaster/repos,1,,2010-01-13T21:45:35Z
esiroker,81954,0,https://api.github.com/users/esiroker/repos,4,,2009-05-07T08:38:53Z
mxcm428,168249,0,https://api.github.com/users/mxcm428/repos,1,,2009-12-16T05:31:51Z
biagidp,28202,9,https://api.github.com/users/biagidp/repos,10,"Nashville, TN",2008-10-09T02:55:34Z
sixstone,54278,1,https://api.github.com/users/sixstone/repos,6,,2009-02-13T15:15:54Z
aixxe,147343,35,https://api.github.com/users/aixxe/repos,144,London,2009-11-01T10:32:14Z
nextfivesteps,160964,0,https://api.github.com/users/nextfivesteps/repos,1,,2009-12-02T17:16:53Z
ccurro,44445,16,https://api.github.com/users/ccurro/repos,19,"New York, NY",2009-01-06T01:44:43Z
jotiny,228480,2,https://api.github.com/users/jotiny/repos,1,,2010-03-23T07:58:45Z
atosimitu,181104,0,https://api.github.com/users/atosimitu/repos,7,,2010-01-13T01:30:03Z
lucachaco,85146,34,https://api.github.com/users/lucachaco/repos,6,,2009-05-16T02:14:54Z
HansS,43744,1508,https://api.github.com/users/HansS/repos,4,,2009-01-02T10:36:54Z
shali,39788,1,https://api.github.com/users/shali/repos,2,,2008-12-11T09:58:10Z
coreformula,58778,2,https://api.github.com/users/coreformula/repos,3,,2009-02-28T04:02:13Z
ferbs,45411,5,https://api.github.com/users/ferbs/repos,6,San Francisco,2009-01-09T20:09:14Z
jessb,41157,0,https://api.github.com/users/jessb/repos,2,"Verona, WI",2008-12-18T03:34:37Z
charliek,24948,54,https://api.github.com/users/charliek/repos,36,"Minneapolis, MN, US",2008-09-17T04:57:28Z
hualove88,93554,1,https://api.github.com/users/hualove88/repos,1,,2009-06-09T13:25:55Z
dbkim,82389,0,https://api.github.com/users/dbkim/repos,1,,2009-05-08T11:51:12Z
globaltools,145527,0,https://api.github.com/users/globaltools/repos,0,,2009-10-27T22:42:53Z
AaronShark,182929,1,https://api.github.com/users/AaronShark/repos,1,,2010-01-15T12:49:20Z
gsantos,115482,0,https://api.github.com/users/gsantos/repos,2,,2009-08-14T22:45:33Z
kroki,187649,14,https://api.github.com/users/kroki/repos,7,,2010-01-22T12:37:28Z
bozospaw,55383,0,https://api.github.com/users/bozospaw/repos,3,,2009-02-17T22:52:09Z
kbierbaum,4879,4,https://api.github.com/users/kbierbaum/repos,7,,2008-04-04T02:12:43Z
eljuanchosf,238190,61,https://api.github.com/users/eljuanchosf/repos,17,"Elche, Spain",2010-04-06T19:09:49Z
gvwa08,36999,0,https://api.github.com/users/gvwa08/repos,2,,2008-11-27T17:37:35Z
polad,35266,12,https://api.github.com/users/polad/repos,9,Calgary AB,2008-11-18T19:32:05Z
gaz,59664,5,https://api.github.com/users/gaz/repos,8,,2009-03-03T11:19:39Z
kirbyzcalderon,244051,0,https://api.github.com/users/kirbyzcalderon/repos,1,,2010-04-14T18:24:43Z
aqn,155742,5,https://api.github.com/users/aqn/repos,1,Tokyo,2009-11-20T02:00:18Z
titina,139082,0,https://api.github.com/users/titina/repos,1,,2009-10-13T08:41:04Z
dstreev,55578,39,https://api.github.com/users/dstreev/repos,39,"Atlanta, GA",2009-02-18T15:07:58Z
dutekvejin,119709,4,https://api.github.com/users/dutekvejin/repos,4,,2009-08-26T12:39:48Z
aethra,159281,0,https://api.github.com/users/aethra/repos,1,,2009-11-28T20:08:06Z
crdant,50028,104,https://api.github.com/users/crdant/repos,5,Greater Boston,2009-01-28T20:29:10Z
primes2h,227940,8,https://api.github.com/users/primes2h/repos,1,Italy,2010-03-22T14:40:54Z
lambo,47532,13,https://api.github.com/users/lambo/repos,20,Hannover,2009-01-18T22:04:24Z
talentless,20351,11,https://api.github.com/users/talentless/repos,9,tacos'r'us,2008-08-12T03:04:22Z
isti,228813,0,https://api.github.com/users/isti/repos,1,,2010-03-23T16:24:18Z
tatai,195561,30,https://api.github.com/users/tatai/repos,7,,2010-02-03T13:07:22Z
setanta,5896,27,https://api.github.com/users/setanta/repos,15,"Recife - PE, Brasil",2008-04-08T19:15:07Z
oldrockerboy,39798,1,https://api.github.com/users/oldrockerboy/repos,2,,2008-12-11T11:12:34Z
startled,200926,1,https://api.github.com/users/startled/repos,2,,2010-02-10T09:18:45Z
superjer,99792,23,https://api.github.com/users/superjer/repos,18,Seattle City,2009-06-28T23:42:46Z
cfournie,49264,16,https://api.github.com/users/cfournie/repos,27,"Ottawa, ON, Canada",2009-01-26T04:40:47Z
maxlamenace,104490,0,https://api.github.com/users/maxlamenace/repos,1,,2009-07-13T17:30:43Z
danielrichardson,38007,0,https://api.github.com/users/danielrichardson/repos,5,,2008-12-03T11:02:55Z
burnhaus,200730,0,https://api.github.com/users/burnhaus/repos,1,"Fresno, CA",2010-02-10T02:01:24Z
clintmiller1,107434,0,https://api.github.com/users/clintmiller1/repos,1,"Austin, Texas",2009-07-21T21:36:39Z
godnomed,240000,0,https://api.github.com/users/godnomed/repos,1,,2010-04-09T03:16:57Z
anasmd,171993,10,https://api.github.com/users/anasmd/repos,1,Hyderabad,2009-12-25T06:02:44Z
proteamotto,63754,4,https://api.github.com/users/proteamotto/repos,2,,2009-03-15T23:16:11Z
pcyl,166129,1,https://api.github.com/users/pcyl/repos,1,,2009-12-11T13:23:02Z
drejom,91294,15,https://api.github.com/users/drejom/repos,3,"California, USA",2009-06-03T04:58:40Z
blueglimmer,26894,0,https://api.github.com/users/blueglimmer/repos,1,,2008-09-30T11:32:35Z
maddii,117437,0,https://api.github.com/users/maddii/repos,1,,2009-08-20T09:53:43Z
Eunkyoung,151066,0,https://api.github.com/users/Eunkyoung/repos,1,,2009-11-10T02:01:54Z
Rocket442,147287,0,https://api.github.com/users/Rocket442/repos,1,,2009-11-01T03:25:24Z
joule-xx,160192,0,https://api.github.com/users/joule-xx/repos,1,,2009-12-01T03:26:26Z
slaxmtk,181750,0,https://api.github.com/users/slaxmtk/repos,1,,2010-01-13T22:16:36Z
xein,223894,0,https://api.github.com/users/xein/repos,1,,2010-03-16T15:34:05Z
rahmatharman,186944,0,https://api.github.com/users/rahmatharman/repos,1,,2010-01-21T13:58:11Z
ckborne,174060,0,https://api.github.com/users/ckborne/repos,1,,2009-12-30T07:33:39Z
torgeir,118202,133,https://api.github.com/users/torgeir/repos,68,Trondheim,2009-08-22T08:24:41Z
keithelder,33124,25,https://api.github.com/users/keithelder/repos,26,"Hattiesburg, MS",2008-11-07T06:38:56Z
lekhser,111102,0,https://api.github.com/users/lekhser/repos,1,,2009-08-02T13:18:19Z
tekberg,110270,0,https://api.github.com/users/tekberg/repos,1,,2009-07-30T13:15:50Z
cj,1819,224,https://api.github.com/users/cj/repos,38,,2008-02-29T20:59:02Z
CraigTm,214086,0,https://api.github.com/users/CraigTm/repos,1,,2010-03-02T17:46:12Z
Jaehoon,146104,0,https://api.github.com/users/Jaehoon/repos,1,,2009-10-29T03:09:48Z
jahlopez81,67542,0,https://api.github.com/users/jahlopez81/repos,5,,2009-03-26T19:13:50Z
chicks,62125,27,https://api.github.com/users/chicks/repos,38,"Santa Cruz, CA",2009-03-10T21:07:18Z
robmackley,142072,0,https://api.github.com/users/robmackley/repos,1,,2009-10-20T10:53:48Z
chedabob,168025,22,https://api.github.com/users/chedabob/repos,10,,2009-12-15T18:43:58Z
areski,53455,242,https://api.github.com/users/areski/repos,169,Barcelona,2009-02-10T20:37:07Z
scottmcmurray,194180,4,https://api.github.com/users/scottmcmurray/repos,1,,2010-02-01T23:47:58Z
elastic-grid,92544,1,https://api.github.com/users/elastic-grid/repos,1,,2009-06-06T10:42:38Z
DannyGN,110514,0,https://api.github.com/users/DannyGN/repos,1,,2009-07-31T04:39:44Z
Martiusweb,195352,28,https://api.github.com/users/Martiusweb/repos,101,"Paris, France",2010-02-03T09:54:31Z
morty,3272,58,https://api.github.com/users/morty/repos,26,United Kingdom,2008-03-17T17:09:04Z
Iandre,173131,0,https://api.github.com/users/Iandre/repos,1,,2009-12-28T17:14:18Z
zizitop,196351,0,https://api.github.com/users/zizitop/repos,1,,2010-02-04T05:43:27Z
agriffis,50637,78,https://api.github.com/users/agriffis/repos,27,"Providence, RI",2009-01-31T02:22:54Z
aamir-zz,96635,1,https://api.github.com/users/aamir-zz/repos,2,,2009-06-18T11:16:30Z
righi,219317,55,https://api.github.com/users/righi/repos,30,"San Francisco, CA",2010-03-09T19:24:32Z
alekas,193618,1,https://api.github.com/users/alekas/repos,1,,2010-02-01T04:47:02Z
henrikh,87876,17,https://api.github.com/users/henrikh/repos,22,Denmark,2009-05-23T18:09:41Z
zeljko,23354,1,https://api.github.com/users/zeljko/repos,2,US,2008-09-05T19:41:33Z
acts-human,74545,1,https://api.github.com/users/acts-human/repos,13,,2009-04-16T20:14:26Z
bswerd,240508,1,https://api.github.com/users/bswerd/repos,6,"Toronto, ON",2010-04-09T17:55:12Z
Jramirez02,147271,0,https://api.github.com/users/Jramirez02/repos,1,,2009-11-01T01:36:58Z
tmschndr,19489,10,https://api.github.com/users/tmschndr/repos,54,"Cologne, Germany",2008-08-04T12:29:35Z
stepan23,227755,1,https://api.github.com/users/stepan23/repos,1,,2010-03-22T09:02:55Z
andreww,19102,68,https://api.github.com/users/andreww/repos,43,,2008-07-31T12:41:26Z
karanbhangui,49307,0,https://api.github.com/users/karanbhangui/repos,14,,2009-01-26T10:53:41Z
max-horvath,81949,24,https://api.github.com/users/max-horvath/repos,34,"Berlin, Germany",2009-05-07T08:30:25Z
artisticdork,109658,1,https://api.github.com/users/artisticdork/repos,1,"Pittsburgh, PA",2009-07-29T00:29:18Z
octanem,182552,1,https://api.github.com/users/octanem/repos,2,Montréal,2010-01-14T23:01:07Z
pjdkennedy,245853,1,https://api.github.com/users/pjdkennedy/repos,2,,2010-04-17T00:33:03Z
bobblanchett,97148,5,https://api.github.com/users/bobblanchett/repos,9,,2009-06-19T20:11:32Z
tbone,150045,2,https://api.github.com/users/tbone/repos,17,,2009-11-07T07:31:18Z
cttyler,237608,10,https://api.github.com/users/cttyler/repos,1,,2010-04-06T02:27:07Z
Opensalons,90855,0,https://api.github.com/users/Opensalons/repos,2,,2009-06-02T00:21:56Z
andreydust,72970,3,https://api.github.com/users/andreydust/repos,9,,2009-04-12T12:00:22Z
sreepeace,211887,0,https://api.github.com/users/sreepeace/repos,1,,2010-02-27T06:12:57Z
arrai-innovations,48612,8,https://api.github.com/users/arrai-innovations/repos,0,"Edmonton, Alberta, Canada",2009-01-22T21:16:46Z
mccomaschris,26128,6,https://api.github.com/users/mccomaschris/repos,2,"Huntington, WV",2008-09-24T18:04:12Z
lusbyd,244170,0,https://api.github.com/users/lusbyd/repos,1,,2010-04-14T21:15:10Z
tatsuya6502,159403,64,https://api.github.com/users/tatsuya6502/repos,67,"Shanghai, China / Tokyo, Japan",2009-11-29T07:51:49Z
betarelease,41690,67,https://api.github.com/users/betarelease/repos,35,,2008-12-19T23:18:57Z
alexruiz,151039,13,https://api.github.com/users/alexruiz/repos,83,,2009-11-10T00:39:00Z
feri,232490,33,https://api.github.com/users/feri/repos,3,Finland,2010-03-29T09:22:01Z
msuterski,184905,20,https://api.github.com/users/msuterski/repos,2,,2010-01-18T20:44:30Z
stringbuffer,75016,0,https://api.github.com/users/stringbuffer/repos,2,,2009-04-18T00:40:56Z
adeelshahid,34527,53,https://api.github.com/users/adeelshahid/repos,11,Norway,2008-11-14T21:46:08Z
dermidgen,53420,88,https://api.github.com/users/dermidgen/repos,17,"Orange County, Ca",2009-02-10T18:53:52Z
patali,147422,9,https://api.github.com/users/patali/repos,3,"Bengaluru, India",2009-11-01T16:43:16Z
pedroj02,89373,0,https://api.github.com/users/pedroj02/repos,1,,2009-05-28T00:29:26Z
starkos,249247,18,https://api.github.com/users/starkos/repos,11,"Philadelphia, PA USA",2010-04-21T19:16:03Z
steinbeck,107318,6,https://api.github.com/users/steinbeck/repos,22,Jena,2009-07-21T15:00:22Z
k0sh,138251,7,https://api.github.com/users/k0sh/repos,5,"Russia, Vladimir",2009-10-11T14:06:29Z
mthadisena,199281,7,https://api.github.com/users/mthadisena/repos,1,,2010-02-08T05:35:20Z
nonfiction,18419,27,https://api.github.com/users/nonfiction/repos,0,"Calgary, Alberta, Canada",2008-07-25T19:14:48Z
johnnyflorida923,197225,0,https://api.github.com/users/johnnyflorida923/repos,1,,2010-02-05T00:23:21Z
audreylee88,131792,3,https://api.github.com/users/audreylee88/repos,2,,2009-09-27T06:18:44Z
chappy,166712,0,https://api.github.com/users/chappy/repos,1,,2009-12-12T19:24:09Z
nobbycat,18317,0,https://api.github.com/users/nobbycat/repos,2,,2008-07-24T22:26:47Z
bbranch,54185,0,https://api.github.com/users/bbranch/repos,2,,2009-02-13T06:46:24Z
thoughtlead,107403,5,https://api.github.com/users/thoughtlead/repos,1,,2009-07-21T19:40:19Z
geethaprabhakar,215348,0,https://api.github.com/users/geethaprabhakar/repos,1,,2010-03-04T07:04:04Z
humanrender,161557,35,https://api.github.com/users/humanrender/repos,16,Madrid,2009-12-03T19:52:05Z
tasdev,82328,0,https://api.github.com/users/tasdev/repos,1,,2009-05-08T07:14:25Z
sdebaun,23839,31,https://api.github.com/users/sdebaun/repos,4,,2008-09-09T17:57:45Z
seiji902,46233,0,https://api.github.com/users/seiji902/repos,3,,2009-01-13T11:57:07Z
alexisandria,206241,0,https://api.github.com/users/alexisandria/repos,1,,2010-02-18T19:33:54Z
tor,52031,2,https://api.github.com/users/tor/repos,13,Australia,2009-02-05T11:12:36Z
MagnuM666,108311,0,https://api.github.com/users/MagnuM666/repos,1,,2009-07-24T12:53:04Z
typejack,85044,0,https://api.github.com/users/typejack/repos,3,,2009-05-15T18:28:45Z
extremoburo,40734,5,https://api.github.com/users/extremoburo/repos,2,Perugia,2008-12-16T10:42:21Z
trondd,223591,20,https://api.github.com/users/trondd/repos,6,"Bodø, Norway",2010-03-16T06:31:59Z
jsaintro,214990,10,https://api.github.com/users/jsaintro/repos,1,Washington DC,2010-03-03T20:40:15Z
Stenudd,137548,23,https://api.github.com/users/Stenudd/repos,6,,2009-10-09T17:39:00Z
nitidobot,152662,0,https://api.github.com/users/nitidobot/repos,1,,2009-11-13T03:42:08Z
esbencarlsen,204042,6,https://api.github.com/users/esbencarlsen/repos,7,,2010-02-15T16:19:01Z
stusar,194409,0,https://api.github.com/users/stusar/repos,3,"Ljubljana, Slovenia",2010-02-02T09:08:41Z
nathanntg,194728,25,https://api.github.com/users/nathanntg/repos,26,"Cambridge, MA",2010-02-02T19:13:39Z
grumpo,207861,3,https://api.github.com/users/grumpo/repos,2,,2010-02-21T15:37:13Z
justinbkay,4094,26,https://api.github.com/users/justinbkay/repos,4,"Boise, ID",2008-03-29T00:36:29Z
fafkulec,103203,1,https://api.github.com/users/fafkulec/repos,1,,2009-07-09T09:32:30Z
lindsay-archived,67955,0,https://api.github.com/users/lindsay-archived/repos,2,,2009-03-27T19:22:11Z
javikin,202009,19,https://api.github.com/users/javikin/repos,29,"Mexico, Merida",2010-02-11T18:30:55Z
Pluap,161383,1,https://api.github.com/users/Pluap/repos,1,,2009-12-03T13:34:40Z
pkirkaas,201110,7,https://api.github.com/users/pkirkaas/repos,1,"Venice, California ",2010-02-10T15:06:48Z
nolan123,242052,3,https://api.github.com/users/nolan123/repos,1,Brighton,2010-04-12T08:59:25Z
dgrimes,249249,1,https://api.github.com/users/dgrimes/repos,1,,2010-04-21T19:17:07Z
sdeframond,206747,19,https://api.github.com/users/sdeframond/repos,3,,2010-02-19T13:38:55Z
josedonizetti,34032,60,https://api.github.com/users/josedonizetti/repos,69,Brazil,2008-11-12T11:14:00Z
esfoobar,167982,39,https://api.github.com/users/esfoobar/repos,16,"New York, NY",2009-12-15T16:57:13Z
creditcardsom365,130744,0,https://api.github.com/users/creditcardsom365/repos,1,,2009-09-24T09:13:51Z
erd,184194,7,https://api.github.com/users/erd/repos,59,"Oakland, CA",2010-01-17T21:24:20Z
homerun,244002,1,https://api.github.com/users/homerun/repos,1,,2010-04-14T17:15:31Z
alexeyb,164949,0,https://api.github.com/users/alexeyb/repos,1,,2009-12-09T10:45:01Z
suguro,203664,0,https://api.github.com/users/suguro/repos,1,,2010-02-15T00:37:37Z
fraiha,12964,0,https://api.github.com/users/fraiha/repos,2,,2008-06-08T00:13:46Z
mikepelley,48527,8,https://api.github.com/users/mikepelley/repos,2,"Ottawa, Ontario, Canada",2009-01-22T15:26:16Z
richardlthomas,205489,23,https://api.github.com/users/richardlthomas/repos,7,"Durham, NC",2010-02-17T19:20:43Z
jtimberman,12483,377,https://api.github.com/users/jtimberman/repos,393,Colorado,2008-06-03T21:11:35Z
ainth,94474,18,https://api.github.com/users/ainth/repos,3,"Toronto, ON",2009-06-11T20:24:39Z
dannyxyz22,56499,12,https://api.github.com/users/dannyxyz22/repos,10,,2009-02-21T03:52:05Z
jdmo,202069,1,https://api.github.com/users/jdmo/repos,5,,2010-02-11T20:31:52Z
Mabux,231468,7,https://api.github.com/users/Mabux/repos,9,Austria,2010-03-27T10:30:45Z
alexat,29947,3,https://api.github.com/users/alexat/repos,2,,2008-10-20T13:30:22Z
doomx,236563,1,https://api.github.com/users/doomx/repos,3,,2010-04-04T05:55:18Z
steliosxx,100731,1,https://api.github.com/users/steliosxx/repos,2,,2009-07-01T15:48:13Z
stingtao,236081,1,https://api.github.com/users/stingtao/repos,1,,2010-04-03T03:55:17Z
stephenbrown84,199583,7,https://api.github.com/users/stephenbrown84/repos,3,,2010-02-08T14:57:22Z
richardaday,52923,7,https://api.github.com/users/richardaday/repos,9,,2009-02-09T05:37:16Z
kawataso,216358,2,https://api.github.com/users/kawataso/repos,2,,2010-03-05T06:49:29Z
finknottle,148458,3,https://api.github.com/users/finknottle/repos,1,"San Francisco, CA",2009-11-03T19:56:56Z
whb,12425,23,https://api.github.com/users/whb/repos,2,,2008-06-03T13:13:18Z
rhomann,134041,2,https://api.github.com/users/rhomann/repos,5,Germany,2009-10-02T06:04:32Z
nycos,200722,0,https://api.github.com/users/nycos/repos,1,,2010-02-10T01:34:27Z
tloring,150583,4,https://api.github.com/users/tloring/repos,1,"Wilmington, Delaware",2009-11-08T23:17:53Z
zwying,58444,0,https://api.github.com/users/zwying/repos,2,,2009-02-27T04:01:41Z
tuxgeek,204875,0,https://api.github.com/users/tuxgeek/repos,1,,2010-02-16T21:15:10Z
DmitryErmakov,111085,0,https://api.github.com/users/DmitryErmakov/repos,1,Russia,2009-08-02T10:52:49Z
Tae,207636,1,https://api.github.com/users/Tae/repos,1,NYC,2010-02-21T03:44:40Z
evanren,132280,0,https://api.github.com/users/evanren/repos,2,Los Angeles,2009-09-28T16:23:05Z
eatingpx,169862,0,https://api.github.com/users/eatingpx/repos,1,,2009-12-19T17:20:20Z
SimonWallner,113854,28,https://api.github.com/users/SimonWallner/repos,12,"Vienna, Austria",2009-08-10T18:13:53Z
neoayi,137907,203,https://api.github.com/users/neoayi/repos,3,Shanghai China,2009-10-10T14:14:28Z
jey,15294,31,https://api.github.com/users/jey/repos,41,"Berkeley, California",2008-06-27T17:11:20Z
amaan,85819,0,https://api.github.com/users/amaan/repos,2,,2009-05-18T11:43:01Z
lmacken,9980,93,https://api.github.com/users/lmacken/repos,253,"Denver, CO",2008-05-12T01:20:09Z
alieninvancouver,99552,0,https://api.github.com/users/alieninvancouver/repos,1,,2009-06-27T21:14:14Z
mo4w3a399b556a4,166117,0,https://api.github.com/users/mo4w3a399b556a4/repos,1,,2009-12-11T13:05:43Z
karlenta,31037,0,https://api.github.com/users/karlenta/repos,2,,2008-10-25T20:49:27Z
lkubicek,199668,3,https://api.github.com/users/lkubicek/repos,1,,2010-02-08T16:52:08Z
jayem,72147,0,https://api.github.com/users/jayem/repos,3,,2009-04-09T14:31:01Z
wka,46676,7,https://api.github.com/users/wka/repos,6,"New York, NY",2009-01-15T01:48:40Z
mikaelf,41864,5,https://api.github.com/users/mikaelf/repos,7,Sweden,2008-12-20T23:02:29Z
clr,13038,63,https://api.github.com/users/clr/repos,38,,2008-06-09T02:10:52Z
eigan,41789,33,https://api.github.com/users/eigan/repos,19,Norway,2008-12-20T14:01:09Z
geoffdimasi,164509,1,https://api.github.com/users/geoffdimasi/repos,9,"Philadelphia, PA",2009-12-08T17:00:19Z
ppichet,144043,1,https://api.github.com/users/ppichet/repos,3,"Montréal, Canada",2009-10-24T12:26:00Z
tcconsulting,198245,2,https://api.github.com/users/tcconsulting/repos,1,,2010-02-06T06:38:51Z
jakequist,207427,11,https://api.github.com/users/jakequist/repos,4,"Palo Alto, CA",2010-02-20T17:35:34Z
0tt0sson,230343,0,https://api.github.com/users/0tt0sson/repos,1,Sweden,2010-03-25T16:48:09Z
danmartell,101288,1,https://api.github.com/users/danmartell/repos,5,,2009-07-03T06:09:28Z
wouterdebie,172038,20,https://api.github.com/users/wouterdebie/repos,40,"New York, NY",2009-12-25T10:51:23Z
machupicchu,137247,1,https://api.github.com/users/machupicchu/repos,4,,2009-10-09T07:02:32Z
davidos,163050,0,https://api.github.com/users/davidos/repos,1,,2009-12-05T19:22:39Z
adityar,180060,0,https://api.github.com/users/adityar/repos,1,,2010-01-11T14:45:24Z
pulver,39707,1,https://api.github.com/users/pulver/repos,3,,2008-12-11T02:49:42Z
mattlansom,57123,1,https://api.github.com/users/mattlansom/repos,2,UK,2009-02-23T14:42:10Z
koush,73924,228,https://api.github.com/users/koush/repos,7114,"Seattle, WA",2009-04-15T04:08:21Z
ivdmeer,115244,9,https://api.github.com/users/ivdmeer/repos,6,The Netherlands,2009-08-14T08:59:25Z
cinterdonato,92301,0,https://api.github.com/users/cinterdonato/repos,1,,2009-06-05T16:14:23Z
rudit,193196,0,https://api.github.com/users/rudit/repos,1,,2010-01-31T06:47:23Z
exoxfire,217464,0,https://api.github.com/users/exoxfire/repos,1,,2010-03-07T04:57:31Z
websimpology,212262,0,https://api.github.com/users/websimpology/repos,1,,2010-02-28T01:12:52Z
dmatranga,75672,11,https://api.github.com/users/dmatranga/repos,4,"Houston, TX",2009-04-20T09:53:58Z
alesguzik,209175,76,https://api.github.com/users/alesguzik/repos,73,"Sydney, Australia",2010-02-23T14:01:38Z
Nosrac,196331,18,https://api.github.com/users/Nosrac/repos,12,,2010-02-04T05:21:57Z
hyoshiok,25151,27,https://api.github.com/users/hyoshiok/repos,49,"Tokyo, Japan",2008-09-18T10:15:39Z
,,,,,,
opencart,214225,2,https://api.github.com/users/opencart/repos,0,Hong Kong,2010-03-02T21:25:50Z
ineverov,215937,18,https://api.github.com/users/ineverov/repos,4,,2010-03-04T18:10:53Z
blackcat1228,224068,1,https://api.github.com/users/blackcat1228/repos,1,,2010-03-16T20:07:53Z
oachuy,234479,6,https://api.github.com/users/oachuy/repos,1,,2010-03-31T21:10:42Z
ofc587a87,163293,8,https://api.github.com/users/ofc587a87/repos,1,Spain,2009-12-06T12:25:09Z
bpieber,79920,12,https://api.github.com/users/bpieber/repos,14,Vienna,2009-05-01T12:39:22Z
hotadd,74784,0,https://api.github.com/users/hotadd/repos,3,,2009-04-17T09:28:53Z
yangchinghorn,227087,0,https://api.github.com/users/yangchinghorn/repos,1,,2010-03-21T01:37:15Z
bublik,38275,29,https://api.github.com/users/bublik/repos,17,Odessa Ukraine,2008-12-04T13:35:32Z
udi,40827,8,https://api.github.com/users/udi/repos,4,,2008-12-16T19:37:05Z
jotabeltran,93223,3,https://api.github.com/users/jotabeltran/repos,1,"Bogotá, Colombia",2009-06-08T15:31:11Z
avanek,133533,0,https://api.github.com/users/avanek/repos,1,,2009-10-01T02:08:42Z
aperta-zz,35607,0,https://api.github.com/users/aperta-zz/repos,3,Indonesia,2008-11-20T08:29:54Z
Gamesh,171747,43,https://api.github.com/users/Gamesh/repos,9,Lithuania,2009-12-24T12:03:28Z
sebastiandommel,209922,0,https://api.github.com/users/sebastiandommel/repos,1,,2010-02-24T13:14:29Z
offensivepolitics,60095,21,https://api.github.com/users/offensivepolitics/repos,23,"Washington, DC",2009-03-04T14:46:46Z
ebony,156238,0,https://api.github.com/users/ebony/repos,1,,2009-11-21T05:02:45Z
jump474,174531,0,https://api.github.com/users/jump474/repos,1,,2009-12-31T05:04:51Z
sheepdoll,198809,14,https://api.github.com/users/sheepdoll/repos,3,Silicon Valley,2010-02-07T06:06:04Z
wwj256,190939,1,https://api.github.com/users/wwj256/repos,1,,2010-01-27T14:59:51Z
EricR86,17853,20,https://api.github.com/users/EricR86/repos,3,,2008-07-22T13:17:58Z
patfrat,116576,8,https://api.github.com/users/patfrat/repos,3,Epinal,2009-08-18T13:35:20Z
The-Munk,130548,1,https://api.github.com/users/The-Munk/repos,1,,2009-09-23T21:12:17Z
ofeldt,144353,15,https://api.github.com/users/ofeldt/repos,9,Hamburg,2009-10-25T09:26:20Z
Ardeanor,163664,0,https://api.github.com/users/Ardeanor/repos,1,France,2009-12-07T11:04:55Z
waiz,195771,0,https://api.github.com/users/waiz/repos,7,,2010-02-03T16:21:17Z
keysongs71,42908,0,https://api.github.com/users/keysongs71/repos,2,,2008-12-27T19:06:05Z
abuzitos,44890,5,https://api.github.com/users/abuzitos/repos,6,SÃ£o Paulo / Brasil,2009-01-07T18:21:20Z
erkan294,207824,0,https://api.github.com/users/erkan294/repos,1,,2010-02-21T14:06:36Z
igetit,201992,0,https://api.github.com/users/igetit/repos,1,,2010-02-11T18:06:11Z
yuriless,190933,0,https://api.github.com/users/yuriless/repos,1,,2010-01-27T14:49:33Z
guil3z,85370,0,https://api.github.com/users/guil3z/repos,2,,2009-05-17T00:16:22Z
namxam,5399,60,https://api.github.com/users/namxam/repos,16,"Cologne, Germany",2008-04-06T11:36:11Z
kendalen,195244,4,https://api.github.com/users/kendalen/repos,1,,2010-02-03T08:33:23Z
hickerson,208943,8,https://api.github.com/users/hickerson/repos,12,"Pasadena, California",2010-02-23T06:02:03Z
evsc,238383,20,https://api.github.com/users/evsc/repos,54,Montreal,2010-04-07T01:26:15Z
binh37,9893,0,https://api.github.com/users/binh37/repos,1,,2008-05-10T19:34:24Z
rosy,160085,1,https://api.github.com/users/rosy/repos,0,Illinois,2009-11-30T21:48:49Z
agish,226156,0,https://api.github.com/users/agish/repos,1,,2010-03-19T14:15:52Z
djwhitt,1110,50,https://api.github.com/users/djwhitt/repos,37,"Madison, WI",2008-02-27T17:46:55Z
cafegurl,136597,0,https://api.github.com/users/cafegurl/repos,2,,2009-10-08T00:28:41Z
